Workbook
Name África_Sul_against: #REF!,#REF!,#REF!
Name África_Sul_played: #REF!,#REF!,#REF!
Name Alemanha_against: #REF!,#REF!,#REF!
Name Alemanha_played: #REF!,#REF!,#REF!
Name Arábia_Saudita_against: #REF!,#REF!,#REF!
Name Arábia_Saudita_played: #REF!,#REF!,#REF!
Name Argentina_against: #REF!,#REF!,#REF!
Name Argentina_played: #REF!,#REF!,#REF!
Name Bélgica_against: #REF!,#REF!,#REF!
Name Bélgica_played: #REF!,#REF!,#REF!
Name Brasil_against: #REF!,#REF!,#REF!
Name Brasil_played: #REF!,#REF!,#REF!
Name Camarões_against: #REF!,#REF!,#REF!
Name Camarões_played: #REF!,#REF!,#REF!
Name China_against: #REF!,#REF!,#REF!
Name China_played: #REF!,#REF!,#REF!
Name Coreia_against: #REF!,#REF!,#REF!
Name Coreia_played: #REF!,#REF!,#REF!
Name Costa_Rica_against: #REF!,#REF!,#REF!
Name Costa_Rica_played: #REF!,#REF!,#REF!
Name Croácia_against: #REF!,#REF!,#REF!
Name Croácia_played: #REF!,#REF!,#REF!
Name Dinamarca_against: #REF!,#REF!,#REF!
Name Dinamarca_played: #REF!,#REF!,#REF!
Name Equador_against: #REF!,#REF!,#REF!
Name Equador_played: #REF!,#REF!,#REF!
Name Eslovénia_against: #REF!,#REF!,#REF!
Name Eslovénia_played: #REF!,#REF!,#REF!
Name Espanha_against: #REF!,#REF!,#REF!
Name Espanha_played: #REF!,#REF!,#REF!
Name EUA_against: #REF!,#REF!,#REF!
Name EUA_played: #REF!,#REF!,#REF!
Name França_against: #REF!,#REF!,#REF!
Name França_played: #REF!,#REF!,#REF!
Name Inglaterra_against: #REF!,#REF!,#REF!
Name Inglaterra_played: #REF!,#REF!,#REF!
Name Irlanda_against: #REF!,#REF!,#REF!
Name Irlanda_played: #REF!,#REF!,#REF!
Name Itália_against: #REF!,#REF!,#REF!
Name Itália_played: #REF!,#REF!,#REF!
Name Japão_against: #REF!,#REF!,#REF!
Name Japão_played: #REF!,#REF!,#REF!
Name México_against: #REF!,#REF!,#REF!
Name México_played: #REF!,#REF!,#REF!
Name Nigéria_against: #REF!,#REF!,#REF!
Name Nigéria_played: #REF!,#REF!,#REF!
Name Paraguai_against: #REF!,#REF!,#REF!
Name Paraguai_played: #REF!,#REF!,#REF!
Name Polónia_against: #REF!,#REF!,#REF!
Name Polónia_played: #REF!,#REF!,#REF!
Name Portugal_against: #REF!,#REF!,#REF!
Name Portugal_played: #REF!,#REF!,#REF!
Name Rússia_against: #REF!,#REF!,#REF!
Name Rússia_played: #REF!,#REF!,#REF!
Name Senegal_against: #REF!,#REF!,#REF!
Name Senegal_played: #REF!,#REF!,#REF!
Name Suécia_against: #REF!,#REF!,#REF!
Name Suécia_played: #REF!,#REF!,#REF!
Name Tunísia_against: #REF!,#REF!,#REF!
Name Tunísia_played: #REF!,#REF!,#REF!

Sheet Jogos
B3: Grupo A | K3: Pontos ganhos | N3: Pontos Ganhos | Q3: Saldo de gols | U3: Saldo de gols
A4: Seleção | B4: PT | C4: J | D4: V | E4: E | F4: D | G4: GP | H4: GC | I4: SG | L4: PT | O4: pt | R4: PT | S4: SG | V4: PT | W4: SG | Y4: PT | Z4: SG | AC4: PT | AD4: SG | AE4: GP | AG4: PT | AH4: SG | AI4: GP | AK4: PT | AL4: SG | AM4: GP | AO4: PT | AP4: SG | AQ4: GP
A5: México | B5: =SUM((D5*3))+E5 -> 7 | C5: =COUNT('Tabela Jogos'!E4,'Tabela Jogos'!E7,'Tabela Jogos'!G9) -> 3 | D5: =SUM(IF(('Tabela Jogos'!$E$4>'Tabela Jogos'!$G$4),COUNT('Tabela Jogos'!$E$4)),IF(('Tabela Jogos'!$E$7>'Tabela Jogos'!$G$7),COUNT('Tabela Jogos'!$E$7)),IF(('Tabela Jogos'!$G$9>'Tabela Jogos'!$E$9),COUNT('Tabela Jogos'!$G$9))) -> 2 | E5: =SUM(IF(('Tabela Jogos'!$E$4='Tabela Jogos'!$G$4),COUNT('Tabela Jogos'!$E$4)),IF(('Tabela Jogos'!$E$7='Tabela Jogos'!$G$7),COUNT('Tabela Jogos'!$E$7)),IF(('Tabela Jogos'!$G$9='Tabela Jogos'!$E$9),COUNT('Tabela Jogos'!$G$9))) -> 1 | F5: =SUM(IF(('Tabela Jogos'!$E$4<'Tabela Jogos'!$G$4),COUNT('Tabela Jogos'!$E$4)),IF(('Tabela Jogos'!$E$7<'Tabela Jogos'!$G$7),COUNT('Tabela Jogos'!$E$7)),IF(('Tabela Jogos'!$G$9<'Tabela Jogos'!$E$9),COUNT('Tabela Jogos'!$G$9))) -> 0 | G5: =SUM((('Tabela Jogos'!E4+'Tabela Jogos'!E7)+'Tabela Jogos'!G9)) -> 5 | H5: =SUM((('Tabela Jogos'!G4+'Tabela Jogos'!G7)+'Tabela Jogos'!E9)) -> 2 | I5: =SUM((G5-H5)) -> 3 | K5: =IF(($B5>=$B6),$A5,$A6) -> México | L5: =VLOOKUP(K5,$A$5:$I$8,2,FALSE) -> 7 | N5: =IF((L5>=L7),K5,K7) -> México | O5: =VLOOKUP(N5,$A$5:$I$8,2,FALSE) -> 7 | Q5: =IF((O5>=O8),N5,N8) -> México | R5: =VLOOKUP(Q5,$A$5:$I$8,2,FALSE) -> 7 | S5: =VLOOKUP(Q5,$A$5:$I$8,9,FALSE) -> 3 | U5: =IF(AND((R5=R6),(S6>S5)),Q6,Q5) -> México | V5: =VLOOKUP(U5,$A$5:$I$8,2,FALSE) -> 7 | W5: =VLOOKUP(U5,$A$5:$I$8,9,FALSE) -> 3 | X5: =IF(AND((V5=V7),(W7>W5)),U7,U5) -> México | Y5: =VLOOKUP(X5,$A$5:$I$8,2,FALSE) -> 7 | Z5: =VLOOKUP(X5,$A$5:$I$8,9,FALSE) -> 3 | AB5: =IF(AND((Y5=Y8),(Z8>Z5)),X8,X5) -> México | AC5: =VLOOKUP(AB5,$A$5:$I$8,2,FALSE) -> 7 | AD5: =VLOOKUP(AB5,$A$5:$I$8,9,FALSE) -> 3 | AE5: =VLOOKUP(AB5,$A$5:$I$8,7,FALSE) -> 5 | AF5: =IF(AND((AC5=AC6),(AD5=AD6),(AE6>AE5)),AB6,AB5) -> México | AG5: =VLOOKUP(AF5,$A$5:$I$8,2,FALSE) -> 7 | AH5: =VLOOKUP(AF5,$A$5:$I$8,9,FALSE) -> 3 | AI5: =VLOOKUP(AF5,$A$5:$I$8,7,FALSE) -> 5 | AJ5: =IF(AND((AG5=AG7),(AH5=AH7),(AI7>AI5)),AF7,AF5) -> México | AK5: =VLOOKUP(AJ5,$A$5:$I$8,2,FALSE) -> 7 | AL5: =VLOOKUP(AJ5,$A$5:$I$8,9,FALSE) -> 3 | AM5: =VLOOKUP(AJ5,$A$5:$I$8,7,FALSE) -> 5 | AN5: =IF(AND((AK5=AK8),(AL5=AL8),(AM8>AM5)),AJ8,AJ5) -> México | AO5: =VLOOKUP(AN5,$A$5:$I$8,2,FALSE) -> 7 | AP5: =VLOOKUP(AN5,$A$5:$I$8,9,FALSE) -> 3 | AQ5: =VLOOKUP(AN5,$A$5:$I$8,7,FALSE) -> 5
A6: África do Sul | B6: =SUM((D6*3))+E6 -> 0 | C6: =COUNT('Tabela Jogos'!G4,'Tabela Jogos'!G6,'Tabela Jogos'!E8) -> 3 | D6: =SUM(IF(('Tabela Jogos'!$G$4>'Tabela Jogos'!$E$4),COUNT('Tabela Jogos'!$G$4)),IF(('Tabela Jogos'!$G$6>'Tabela Jogos'!$E$6),COUNT('Tabela Jogos'!$G$6)),IF(('Tabela Jogos'!$E$8>'Tabela Jogos'!$G$8),COUNT('Tabela Jogos'!$E$8))) -> 0 | E6: =SUM(IF(('Tabela Jogos'!$G$4='Tabela Jogos'!$E$4),COUNT('Tabela Jogos'!$G$4)),IF(('Tabela Jogos'!$G$6='Tabela Jogos'!$E$6),COUNT('Tabela Jogos'!$G$6)),IF(('Tabela Jogos'!$E$8='Tabela Jogos'!$G$8),COUNT('Tabela Jogos'!$E$8))) -> 0 | F6: =SUM(IF(('Tabela Jogos'!$G$4<'Tabela Jogos'!$E$4),COUNT('Tabela Jogos'!$G$4)),IF(('Tabela Jogos'!$G$6<'Tabela Jogos'!$E$6),COUNT('Tabela Jogos'!$G$6)),IF(('Tabela Jogos'!$E$8<'Tabela Jogos'!$G$8),COUNT('Tabela Jogos'!$E$8))) -> 3 | G6: =SUM((('Tabela Jogos'!G4+'Tabela Jogos'!G6)+'Tabela Jogos'!E8)) -> 2 | H6: =SUM((('Tabela Jogos'!E4+'Tabela Jogos'!E6)+'Tabela Jogos'!G8)) -> 5 | I6: =SUM((G6-H6)) -> -3 | K6: =IF((B6<=B5),A6,A5) -> África do Sul | L6: =VLOOKUP(K6,$A$5:$I$8,2,FALSE) -> 0 | N6: =IF((L6>=L8),K6,K8) -> Coréia do Sul | O6: =VLOOKUP(N6,$A$5:$I$8,2,FALSE) -> 4 | Q6: =IF((O6>=O7),N6,N7) -> República Tcheca | R6: =VLOOKUP(Q6,$A$5:$I$8,2,FALSE) -> 5 | S6: =VLOOKUP(Q6,$A$5:$I$8,9,FALSE) -> 1 | U6: =IF(AND((R5=R6),(S6>S5)),Q5,Q6) -> República Tcheca | V6: =VLOOKUP(U6,$A$5:$I$8,2,FALSE) -> 5 | W6: =VLOOKUP(U6,$A$5:$I$8,9,FALSE) -> 1 | X6: =IF(AND((V6=V8),(W8>W6)),U8,U6) -> República Tcheca | Y6: =VLOOKUP(X6,$A$5:$I$8,2,FALSE) -> 5 | Z6: =VLOOKUP(X6,$A$5:$I$8,9,FALSE) -> 1 | AB6: =IF(AND((Y6=Y7),(Z7>Z6)),X7,X6) -> República Tcheca | AC6: =VLOOKUP(AB6,$A$5:$I$8,2,FALSE) -> 5 | AD6: =VLOOKUP(AB6,$A$5:$I$8,9,FALSE) -> 1 | AE6: =VLOOKUP(AB6,$A$5:$I$8,7,FALSE) -> 4 | AF6: =IF(AND((AC6=AC5),(AD6=AD5),(AE6>AE5)),AB5,AB6) -> República Tcheca | AG6: =VLOOKUP(AF6,$A$5:$I$8,2,FALSE) -> 5 | AH6: =VLOOKUP(AF6,$A$5:$I$8,9,FALSE) -> 1 | AI6: =VLOOKUP(AF6,$A$5:$I$8,7,FALSE) -> 4 | AJ6: =IF(AND((AG6=AG8),(AH6=AH8),(AI8>AI6)),AF8,AF6) -> República Tcheca | AK6: =VLOOKUP(AJ6,$A$5:$I$8,2,FALSE) -> 5 | AL6: =VLOOKUP(AJ6,$A$5:$I$8,9,FALSE) -> 1 | AM6: =VLOOKUP(AJ6,$A$5:$I$8,7,FALSE) -> 4 | AN6: =IF(AND((AK6=AK7),(AL6=AL7),(AM7>AM6)),AJ7,AJ6) -> República Tcheca | AO6: =VLOOKUP(AN6,$A$5:$I$8,2,FALSE) -> 5 | AP6: =VLOOKUP(AN6,$A$5:$I$8,9,FALSE) -> 1 | AQ6: =VLOOKUP(AN6,$A$5:$I$8,7,FALSE) -> 4
A7: Coréia do Sul | B7: =SUM((D7*3))+E7 -> 4 | C7: =COUNT('Tabela Jogos'!E5,'Tabela Jogos'!G7,'Tabela Jogos'!G8) -> 3 | D7: =SUM(IF(('Tabela Jogos'!$E$5>'Tabela Jogos'!$G$5),COUNT('Tabela Jogos'!$E$5)),IF(('Tabela Jogos'!$G$7>'Tabela Jogos'!$E$7),COUNT('Tabela Jogos'!$G$7)),IF(('Tabela Jogos'!$G$8>'Tabela Jogos'!$E$8),COUNT('Tabela Jogos'!$G$8))) -> 1 | E7: =SUM(IF(('Tabela Jogos'!$E$5='Tabela Jogos'!$G$5),COUNT('Tabela Jogos'!$E$5)),IF(('Tabela Jogos'!$G$7='Tabela Jogos'!$E$7),COUNT('Tabela Jogos'!$G$7)),IF(('Tabela Jogos'!$G$8='Tabela Jogos'!$E$8),COUNT('Tabela Jogos'!$G$8))) -> 1 | F7: =SUM(IF(('Tabela Jogos'!$E$5<'Tabela Jogos'!$G$5),COUNT('Tabela Jogos'!$E$5)),IF(('Tabela Jogos'!$G$7<'Tabela Jogos'!$E$7),COUNT('Tabela Jogos'!$G$7)),IF(('Tabela Jogos'!$G$8<'Tabela Jogos'!$E$8),COUNT('Tabela Jogos'!$G$8))) -> 1 | G7: =SUM((('Tabela Jogos'!E5+'Tabela Jogos'!G7)+'Tabela Jogos'!G8)) -> 2 | H7: =SUM((('Tabela Jogos'!G5+'Tabela Jogos'!E7)+'Tabela Jogos'!E8)) -> 3 | I7: =SUM((G7-H7)) -> -1 | K7: =IF((B7>=B8),A7,A8) -> República Tcheca | L7: =VLOOKUP(K7,$A$5:$I$8,2,FALSE) -> 5 | N7: =IF((L7<=L5),K7,K5) -> República Tcheca | O7: =VLOOKUP(N7,$A$5:$I$8,2,FALSE) -> 5 | Q7: =IF((O7<=O6),N7,N6) -> Coréia do Sul | R7: =VLOOKUP(Q7,$A$5:$I$8,2,FALSE) -> 4 | S7: =VLOOKUP(Q7,$A$5:$I$8,9,FALSE) -> -1 | U7: =IF(AND((R7=R8),(S8>S7)),Q8,Q7) -> Coréia do Sul | V7: =VLOOKUP(U7,$A$5:$I$8,2,FALSE) -> 4 | W7: =VLOOKUP(U7,$A$5:$I$8,9,FALSE) -> -1 | X7: =IF(AND((V5=V7),(W7>W5)),U5,U7) -> Coréia do Sul | Y7: =VLOOKUP(X7,$A$5:$I$8,2,FALSE) -> 4 | Z7: =VLOOKUP(X7,$A$5:$I$8,9,FALSE) -> -1 | AB7: =IF(AND((Y7=Y6),(Z7>Z6)),X6,X7) -> Coréia do Sul | AC7: =VLOOKUP(AB7,$A$5:$I$8,2,FALSE) -> 4 | AD7: =VLOOKUP(AB7,$A$5:$I$8,9,FALSE) -> -1 | AE7: =VLOOKUP(AB7,$A$5:$I$8,7,FALSE) -> 2 | AF7: =IF(AND((AC7=AC8),(AD7=AD8),(AE8>AE7)),AB8,AB7) -> Coréia do Sul | AG7: =VLOOKUP(AF7,$A$5:$I$8,2,FALSE) -> 4 | AH7: =VLOOKUP(AF7,$A$5:$I$8,9,FALSE) -> -1 | AI7: =VLOOKUP(AF7,$A$5:$I$8,7,FALSE) -> 2 | AJ7: =IF(AND((AG7=AG5),(AH7=AH5),(AI7>AI5)),AF5,AF7) -> Coréia do Sul | AK7: =VLOOKUP(AJ7,$A$5:$I$8,2,FALSE) -> 4 | AL7: =VLOOKUP(AJ7,$A$5:$I$8,9,FALSE) -> -1 | AM7: =VLOOKUP(AJ7,$A$5:$I$8,7,FALSE) -> 2 | AN7: =IF(AND((AK7=AK6),(AL7=AL6),(AM7>AM6)),AJ6,AJ7) -> Coréia do Sul | AO7: =VLOOKUP(AN7,$A$5:$I$8,2,FALSE) -> 4 | AP7: =VLOOKUP(AN7,$A$5:$I$8,9,FALSE) -> -1 | AQ7: =VLOOKUP(AN7,$A$5:$I$8,7,FALSE) -> 2
A8: República Tcheca | B8: =SUM((D8*3))+E8 -> 5 | C8: =COUNT('Tabela Jogos'!G5,'Tabela Jogos'!E6,'Tabela Jogos'!E9) -> 3 | D8: =SUM(IF(('Tabela Jogos'!$G$5>'Tabela Jogos'!$E$5),COUNT('Tabela Jogos'!$G$5)),IF(('Tabela Jogos'!$E$6>'Tabela Jogos'!$G$6),COUNT('Tabela Jogos'!$E$6)),IF(('Tabela Jogos'!$E$9>'Tabela Jogos'!$G$9),COUNT('Tabela Jogos'!$E$9))) -> 1 | E8: =SUM(IF(('Tabela Jogos'!$G$5='Tabela Jogos'!$E$5),COUNT('Tabela Jogos'!$G$5)),IF(('Tabela Jogos'!$E$6='Tabela Jogos'!$G$6),COUNT('Tabela Jogos'!$E$6)),IF(('Tabela Jogos'!$E$9='Tabela Jogos'!$G$9),COUNT('Tabela Jogos'!$E$9))) -> 2 | F8: =SUM(IF(('Tabela Jogos'!$G$5<'Tabela Jogos'!$E$5),COUNT('Tabela Jogos'!$G$5)),IF(('Tabela Jogos'!$E$6<'Tabela Jogos'!$G$6),COUNT('Tabela Jogos'!$E$6)),IF(('Tabela Jogos'!$E$9<'Tabela Jogos'!$G$9),COUNT('Tabela Jogos'!$E$9))) -> 0 | G8: =SUM((('Tabela Jogos'!G5+'Tabela Jogos'!E6)+'Tabela Jogos'!E9)) -> 4 | H8: =SUM((('Tabela Jogos'!E5+'Tabela Jogos'!G6)+'Tabela Jogos'!G9)) -> 3 | I8: =SUM((G8-H8)) -> 1 | K8: =IF((B8<=B7),A8,A7) -> Coréia do Sul | L8: =VLOOKUP(K8,$A$5:$I$8,2,FALSE) -> 4 | N8: =IF((L8<=L6),K8,K6) -> África do Sul | O8: =VLOOKUP(N8,$A$5:$I$8,2,FALSE) -> 0 | Q8: =IF((O8<=O5),N8,N5) -> África do Sul | R8: =VLOOKUP(Q8,$A$5:$I$8,2,FALSE) -> 0 | S8: =VLOOKUP(Q8,$A$5:$I$8,9,FALSE) -> -3 | U8: =IF(AND((R7=R8),(S8>S7)),Q7,Q8) -> África do Sul | V8: =VLOOKUP(U8,$A$5:$I$8,2,FALSE) -> 0 | W8: =VLOOKUP(U8,$A$5:$I$8,9,FALSE) -> -3 | X8: =IF(AND((V6=V8),(W8>W6)),U6,U8) -> África do Sul | Y8: =VLOOKUP(X8,$A$5:$I$8,2,FALSE) -> 0 | Z8: =VLOOKUP(X8,$A$5:$I$8,9,FALSE) -> -3 | AB8: =IF(AND((Y8=Y5),(Z8>Z5)),X5,X8) -> África do Sul | AC8: =VLOOKUP(AB8,$A$5:$I$8,2,FALSE) -> 0 | AD8: =VLOOKUP(AB8,$A$5:$I$8,9,FALSE) -> -3 | AE8: =VLOOKUP(AB8,$A$5:$I$8,7,FALSE) -> 2 | AF8: =IF(AND((AC8=AC7),(AD8=AD7),(AE8>AE7)),X7,X8) -> África do Sul | AG8: =VLOOKUP(AF8,$A$5:$I$8,2,FALSE) -> 0 | AH8: =VLOOKUP(AF8,$A$5:$I$8,9,FALSE) -> -3 | AI8: =VLOOKUP(AF8,$A$5:$I$8,7,FALSE) -> 2 | AJ8: =IF(AND((AG6=AG8),(AH6=AH8),(AI8>AI6)),AF6,AF8) -> África do Sul | AK8: =VLOOKUP(AJ8,$A$5:$I$8,2,FALSE) -> 0 | AL8: =VLOOKUP(AJ8,$A$5:$I$8,9,FALSE) -> -3 | AM8: =VLOOKUP(AJ8,$A$5:$I$8,7,FALSE) -> 2 | AN8: =IF(AND((AK8=AK5),(AL8=AL5),(AM8>AM5)),AJ5,AJ8) -> África do Sul | AO8: =VLOOKUP(AN8,$A$5:$I$8,2,FALSE) -> 0 | AP8: =VLOOKUP(AN8,$A$5:$I$8,9,FALSE) -> -3 | AQ8: =VLOOKUP(AN8,$A$5:$I$8,7,FALSE) -> 2
B11: Grupo B | K11: Pontos ganhos | N11: Pontos Ganhos | Q11: Saldo de gols | U11: Saldo de gols
A12: Seleção | B12: PT | C12: J | D12: V | E12: E | F12: D | G12: GP | H12: GC | I12: SG | L12: PT | O12: pt | R12: PT | S12: SG | V12: PT | W12: SG | Y12: PT | Z12: SG | AC12: PT | AD12: SG | AE12: GP | AG12: PT | AH12: SG | AI12: GP | AK12: PT | AL12: SG | AM12: GP | AO12: PT | AP12: SG | AQ12: GP
A13: Canadá | B13: =SUM((D13*3))+E13 -> 6 | C13: =COUNT('Tabela Jogos'!E12,'Tabela Jogos'!E15,'Tabela Jogos'!G16) -> 3 | D13: =SUM(IF(('Tabela Jogos'!$E$12>'Tabela Jogos'!$G$12),COUNT('Tabela Jogos'!$E$12)),IF(('Tabela Jogos'!$E$15>'Tabela Jogos'!$G$15),COUNT('Tabela Jogos'!$E$15)),IF(('Tabela Jogos'!$G$16>'Tabela Jogos'!$E$16),COUNT('Tabela Jogos'!$G$16))) -> 2 | E13: =SUM(IF(('Tabela Jogos'!$E$12='Tabela Jogos'!$G$12),COUNT('Tabela Jogos'!$E$12)),IF(('Tabela Jogos'!$E$15='Tabela Jogos'!$G$15),COUNT('Tabela Jogos'!$E$15)),IF(('Tabela Jogos'!$G$16='Tabela Jogos'!$E$16),COUNT('Tabela Jogos'!$G$16))) -> 0 | F13: =SUM(IF(('Tabela Jogos'!$E$12<'Tabela Jogos'!$G$12),COUNT('Tabela Jogos'!$E$12)),IF(('Tabela Jogos'!$E$15<'Tabela Jogos'!$G$15),COUNT('Tabela Jogos'!$E$15)),IF(('Tabela Jogos'!$G$16<'Tabela Jogos'!$E$16),COUNT('Tabela Jogos'!$G$16))) -> 1 | G13: =SUM((('Tabela Jogos'!E12+'Tabela Jogos'!E15)+'Tabela Jogos'!G16)) -> 5 | H13: =SUM((('Tabela Jogos'!G12+'Tabela Jogos'!G15)+'Tabela Jogos'!E16)) -> 2 | I13: =SUM((G13-H13)) -> 3 | K13: =IF((B13>=B14),A13,A14) -> Canadá | L13: =VLOOKUP(K13,$A$13:$I$16,2,FALSE) -> 6 | N13: =IF((L13>=L15),K13,K15) -> Suíça | O13: =VLOOKUP(N13,$A$13:$I$16,2,FALSE) -> 9 | Q13: =IF((O13>=O16),N13,N16) -> Suíça | R13: =VLOOKUP(Q13,$A$13:$I$16,2,FALSE) -> 9 | S13: =VLOOKUP(Q13,$A$13:$I$16,9,FALSE) -> 4 | U13: =IF(AND((R13=R14),(S14>S13)),Q14,Q13) -> Suíça | V13: =VLOOKUP(U13,$A$13:$I$16,2,FALSE) -> 9 | W13: =VLOOKUP(U13,$A$13:$I$16,9,FALSE) -> 4 | X13: =IF(AND((V13=V15),(W15>W13)),U15,U13) -> Suíça | Y13: =VLOOKUP(X13,$A$13:$I$16,2,FALSE) -> 9 | Z13: =VLOOKUP(X13,$A$13:$I$16,9,FALSE) -> 4 | AB13: =IF(AND((Y13=Y16),(Z16>Z13)),X16,X13) -> Suíça | AC13: =VLOOKUP(AB13,$A$13:$I$16,2,FALSE) -> 9 | AD13: =VLOOKUP(AB13,$A$13:$I$16,9,FALSE) -> 4 | AE13: =VLOOKUP(AB13,$A$13:$I$16,7,FALSE) -> 4 | AF13: =IF(AND((AC13=AC14),(AD13=AD14),(AE14>AE13)),AB14,AB13) -> Suíça | AG13: =VLOOKUP(AF13,$A$13:$I$16,2,FALSE) -> 9 | AH13: =VLOOKUP(AF13,$A$13:$I$16,9,FALSE) -> 4 | AI13: =VLOOKUP(AF13,$A$13:$I$16,7,FALSE) -> 4 | AJ13: =IF(AND((AG13=AG15),(AH13=AH15),(AI15>AI13)),AF15,AF13) -> Suíça | AK13: =VLOOKUP(AJ13,$A$13:$I$16,2,FALSE) -> 9 | AL13: =VLOOKUP(AJ13,$A$13:$I$16,9,FALSE) -> 4 | AM13: =VLOOKUP(AJ13,$A$13:$I$16,7,FALSE) -> 4 | AN13: =IF(AND((AK13=AK16),(AL13=AL16),(AM16>AM13)),AJ16,AJ13) -> Suíça | AO13: =VLOOKUP(AN13,$A$13:$I$16,2,FALSE) -> 9 | AP13: =VLOOKUP(AN13,$A$13:$I$16,9,FALSE) -> 4 | AQ13: =VLOOKUP(AN13,$A$13:$I$16,7,FALSE) -> 4
A14: Bósnia | B14: =SUM((D14*3))+E14 -> 3 | C14: =COUNT('Tabela Jogos'!G12,'Tabela Jogos'!G14,'Tabela Jogos'!E17) -> 3 | D14: =SUM(IF(('Tabela Jogos'!$G$12>'Tabela Jogos'!$E$12),COUNT('Tabela Jogos'!$G$12)),IF(('Tabela Jogos'!$G$14>'Tabela Jogos'!$E$14),COUNT('Tabela Jogos'!$G$14)),IF(('Tabela Jogos'!$E$17>'Tabela Jogos'!$G$17),COUNT('Tabela Jogos'!$E$17))) -> 1 | E14: =SUM(IF(('Tabela Jogos'!$G$12='Tabela Jogos'!$E$12),COUNT('Tabela Jogos'!$G$12)),IF(('Tabela Jogos'!$G$14='Tabela Jogos'!$E$14),COUNT('Tabela Jogos'!$G$14)),IF(('Tabela Jogos'!$E$17='Tabela Jogos'!$G$17),COUNT('Tabela Jogos'!$E$17))) -> 0 | F14: =SUM(IF(('Tabela Jogos'!$G$12<'Tabela Jogos'!$E$12),COUNT('Tabela Jogos'!$G$12)),IF(('Tabela Jogos'!$G$14<'Tabela Jogos'!$E$14),COUNT('Tabela Jogos'!$G$14)),IF(('Tabela Jogos'!$E$17<'Tabela Jogos'!$G$17),COUNT('Tabela Jogos'!$E$17))) -> 2 | G14: =SUM((('Tabela Jogos'!G12+'Tabela Jogos'!G14)+'Tabela Jogos'!E17)) -> 3 | H14: =SUM((('Tabela Jogos'!E12+'Tabela Jogos'!E14)+'Tabela Jogos'!G17)) -> 4 | I14: =SUM((G14-H14)) -> -1 | K14: =IF((B14<=B13),A14,A13) -> Bósnia | L14: =VLOOKUP(K14,$A$13:$I$16,2,FALSE) -> 3 | N14: =IF((L14>=L16),K14,K16) -> Bósnia | O14: =VLOOKUP(N14,$A$13:$I$16,2,FALSE) -> 3 | Q14: =IF((O14>=O15),N14,N15) -> Canadá | R14: =VLOOKUP(Q14,$A$13:$I$16,2,FALSE) -> 6 | S14: =VLOOKUP(Q14,$A$13:$I$16,9,FALSE) -> 3 | U14: =IF(AND((R13=R14),(S14>S13)),Q13,Q14) -> Canadá | V14: =VLOOKUP(U14,$A$13:$I$16,2,FALSE) -> 6 | W14: =VLOOKUP(U14,$A$13:$I$16,9,FALSE) -> 3 | X14: =IF(AND((V14=V16),(W16>W14)),U16,U14) -> Canadá | Y14: =VLOOKUP(X14,$A$13:$I$16,2,FALSE) -> 6 | Z14: =VLOOKUP(X14,$A$13:$I$16,9,FALSE) -> 3 | AB14: =IF(AND((Y14=Y15),(Z15>Z14)),X15,X14) -> Canadá | AC14: =VLOOKUP(AB14,$A$13:$I$16,2,FALSE) -> 6 | AD14: =VLOOKUP(AB14,$A$13:$I$16,9,FALSE) -> 3 | AE14: =VLOOKUP(AB14,$A$13:$I$16,7,FALSE) -> 5 | AF14: =IF(AND((AC14=AC13),(AD14=AD13),(AE14>AE13)),AB13,AB14) -> Canadá | AG14: =VLOOKUP(AF14,$A$13:$I$16,2,FALSE) -> 6 | AH14: =VLOOKUP(AF14,$A$13:$I$16,9,FALSE) -> 3 | AI14: =VLOOKUP(AF14,$A$13:$I$16,7,FALSE) -> 5 | AJ14: =IF(AND((AG14=AG16),(AH14=AH16),(AI16>AI14)),AF16,AF14) -> Canadá | AK14: =VLOOKUP(AJ14,$A$13:$I$16,2,FALSE) -> 6 | AL14: =VLOOKUP(AJ14,$A$13:$I$16,9,FALSE) -> 3 | AM14: =VLOOKUP(AJ14,$A$13:$I$16,7,FALSE) -> 5 | AN14: =IF(AND((AK14=AK15),(AL14=AL15),(AM15>AM14)),AJ15,AJ14) -> Canadá | AO14: =VLOOKUP(AN14,$A$13:$I$16,2,FALSE) -> 6 | AP14: =VLOOKUP(AN14,$A$13:$I$16,9,FALSE) -> 3 | AQ14: =VLOOKUP(AN14,$A$13:$I$16,7,FALSE) -> 5
A15: Catar | B15: =SUM((D15*3))+E15 -> 0 | C15: =COUNT('Tabela Jogos'!E13,'Tabela Jogos'!G15,'Tabela Jogos'!G17) -> 3 | D15: =SUM(IF(('Tabela Jogos'!$E$13>'Tabela Jogos'!$G$13),COUNT('Tabela Jogos'!$E$13)),IF(('Tabela Jogos'!$G$15>'Tabela Jogos'!$E$15),COUNT('Tabela Jogos'!$G$15)),IF(('Tabela Jogos'!$G$17>'Tabela Jogos'!$E$17),COUNT('Tabela Jogos'!$G$17))) -> 0 | E15: =SUM(IF(('Tabela Jogos'!$E$13='Tabela Jogos'!$G$13),COUNT('Tabela Jogos'!$E$13)),IF(('Tabela Jogos'!$G$15='Tabela Jogos'!$E$15),COUNT('Tabela Jogos'!$G$15)),IF(('Tabela Jogos'!$G$17='Tabela Jogos'!$E$17),COUNT('Tabela Jogos'!$G$17))) -> 0 | F15: =SUM(IF(('Tabela Jogos'!$E$13<'Tabela Jogos'!$G$13),COUNT('Tabela Jogos'!$E$13)),IF(('Tabela Jogos'!$G$15<'Tabela Jogos'!$E$15),COUNT('Tabela Jogos'!$G$15)),IF(('Tabela Jogos'!$G$17<'Tabela Jogos'!$E$17),COUNT('Tabela Jogos'!$G$17))) -> 3 | G15: =SUM((('Tabela Jogos'!E13+'Tabela Jogos'!G15)+'Tabela Jogos'!G17)) -> 1 | H15: =SUM((('Tabela Jogos'!G13+'Tabela Jogos'!E15)+'Tabela Jogos'!E17)) -> 7 | I15: =SUM((G15-H15)) -> -6 | K15: =IF((B15>=B16),A15,A16) -> Suíça | L15: =VLOOKUP(K15,$A$13:$I$16,2,FALSE) -> 9 | N15: =IF((L15<=L13),K15,K13) -> Canadá | O15: =VLOOKUP(N15,$A$13:$I$16,2,FALSE) -> 6 | Q15: =IF((O15<=O14),N15,N14) -> Bósnia | R15: =VLOOKUP(Q15,$A$13:$I$16,2,FALSE) -> 3 | S15: =VLOOKUP(Q15,$A$13:$I$16,9,FALSE) -> -1 | U15: =IF(AND((R15=R16),(S16>S15)),Q16,Q15) -> Bósnia | V15: =VLOOKUP(U15,$A$13:$I$16,2,FALSE) -> 3 | W15: =VLOOKUP(U15,$A$13:$I$16,9,FALSE) -> -1 | X15: =IF(AND((V13=V15),(W15>W13)),U13,U15) -> Bósnia | Y15: =VLOOKUP(X15,$A$13:$I$16,2,FALSE) -> 3 | Z15: =VLOOKUP(X15,$A$13:$I$16,9,FALSE) -> -1 | AB15: =IF(AND((Y15=Y14),(Z15>Z14)),X14,X15) -> Bósnia | AC15: =VLOOKUP(AB15,$A$13:$I$16,2,FALSE) -> 3 | AD15: =VLOOKUP(AB15,$A$13:$I$16,9,FALSE) -> -1 | AE15: =VLOOKUP(AB15,$A$13:$I$16,7,FALSE) -> 3 | AF15: =IF(AND((AC15=AC16),(AD15=AD16),(AE16>AE15)),AB16,AB15) -> Bósnia | AG15: =VLOOKUP(AF15,$A$13:$I$16,2,FALSE) -> 3 | AH15: =VLOOKUP(AF15,$A$13:$I$16,9,FALSE) -> -1 | AI15: =VLOOKUP(AF15,$A$13:$I$16,7,FALSE) -> 3 | AJ15: =IF(AND((AG15=AG13),(AH15=AH13),(AI15>AI13)),AF13,AF15) -> Bósnia | AK15: =VLOOKUP(AJ15,$A$13:$I$16,2,FALSE) -> 3 | AL15: =VLOOKUP(AJ15,$A$13:$I$16,9,FALSE) -> -1 | AM15: =VLOOKUP(AJ15,$A$13:$I$16,7,FALSE) -> 3 | AN15: =IF(AND((AK15=AK14),(AL15=AL14),(AM15>AM14)),AJ14,AJ15) -> Bósnia | AO15: =VLOOKUP(AN15,$A$13:$I$16,2,FALSE) -> 3 | AP15: =VLOOKUP(AN15,$A$13:$I$16,9,FALSE) -> -1 | AQ15: =VLOOKUP(AN15,$A$13:$I$16,7,FALSE) -> 3
A16: Suíça | B16: =SUM((D16*3))+E16 -> 9 | C16: =COUNT('Tabela Jogos'!G13,'Tabela Jogos'!E14,'Tabela Jogos'!E16) -> 3 | D16: =SUM(IF(('Tabela Jogos'!$G$13>'Tabela Jogos'!$E$13),COUNT('Tabela Jogos'!$G$13)),IF(('Tabela Jogos'!$E$14>'Tabela Jogos'!$G$14),COUNT('Tabela Jogos'!$E$14)),IF(('Tabela Jogos'!$E$16>'Tabela Jogos'!$G$16),COUNT('Tabela Jogos'!$E$16))) -> 3 | E16: =SUM(IF(('Tabela Jogos'!$G$13='Tabela Jogos'!$E$13),COUNT('Tabela Jogos'!$G$13)),IF(('Tabela Jogos'!$E$14='Tabela Jogos'!$G$14),COUNT('Tabela Jogos'!$E$14)),IF(('Tabela Jogos'!$E$16='Tabela Jogos'!$G$16),COUNT('Tabela Jogos'!$E$16))) -> 0 | F16: =SUM(IF(('Tabela Jogos'!$G$13<'Tabela Jogos'!$E$13),COUNT('Tabela Jogos'!$G$13)),IF(('Tabela Jogos'!$E$14<'Tabela Jogos'!$G$14),COUNT('Tabela Jogos'!$E$14)),IF(('Tabela Jogos'!$E$16<'Tabela Jogos'!$G$16),COUNT('Tabela Jogos'!$E$16))) -> 0 | G16: =SUM((('Tabela Jogos'!G13+'Tabela Jogos'!E14)+'Tabela Jogos'!E16)) -> 4 | H16: =SUM((('Tabela Jogos'!E13+'Tabela Jogos'!G14)+'Tabela Jogos'!G16)) -> 0 | I16: =SUM((G16-H16)) -> 4 | K16: =IF((B16<=B15),A16,A15) -> Catar | L16: =VLOOKUP(K16,$A$13:$I$16,2,FALSE) -> 0 | N16: =IF((L16<=L14),K16,K14) -> Catar | O16: =VLOOKUP(N16,$A$13:$I$16,2,FALSE) -> 0 | Q16: =IF((O16<=O13),N16,N13) -> Catar | R16: =VLOOKUP(Q16,$A$13:$I$16,2,FALSE) -> 0 | S16: =VLOOKUP(Q16,$A$13:$I$16,9,FALSE) -> -6 | U16: =IF(AND((R15=R16),(S16>S15)),Q15,Q16) -> Catar | V16: =VLOOKUP(U16,$A$13:$I$16,2,FALSE) -> 0 | W16: =VLOOKUP(U16,$A$13:$I$16,9,FALSE) -> -6 | X16: =IF(AND((V14=V16),(W16>W14)),U14,U16) -> Catar | Y16: =VLOOKUP(X16,$A$13:$I$16,2,FALSE) -> 0 | Z16: =VLOOKUP(X16,$A$13:$I$16,9,FALSE) -> -6 | AB16: =IF(AND((Y16=Y13),(Z16>Z13)),X13,X16) -> Catar | AC16: =VLOOKUP(AB16,$A$13:$I$16,2,FALSE) -> 0 | AD16: =VLOOKUP(AB16,$A$13:$I$16,9,FALSE) -> -6 | AE16: =VLOOKUP(AB16,$A$13:$I$16,7,FALSE) -> 1 | AF16: =IF(AND((AC16=AC15),(AD16=AD15),(AE16>AE15)),X15,X16) -> Catar | AG16: =VLOOKUP(AF16,$A$13:$I$16,2,FALSE) -> 0 | AH16: =VLOOKUP(AF16,$A$13:$I$16,9,FALSE) -> -6 | AI16: =VLOOKUP(AF16,$A$13:$I$16,7,FALSE) -> 1 | AJ16: =IF(AND((AG14=AG16),(AH14=AH16),(AI16>AI14)),AF14,AF16) -> Catar | AK16: =VLOOKUP(AJ16,$A$13:$I$16,2,FALSE) -> 0 | AL16: =VLOOKUP(AJ16,$A$13:$I$16,9,FALSE) -> -6 | AM16: =VLOOKUP(AJ16,$A$13:$I$16,7,FALSE) -> 1 | AN16: =IF(AND((AK16=AK13),(AL16=AL13),(AM16>AM13)),AJ13,AJ16) -> Catar | AO16: =VLOOKUP(AN16,$A$13:$I$16,2,FALSE) -> 0 | AP16: =VLOOKUP(AN16,$A$13:$I$16,9,FALSE) -> -6 | AQ16: =VLOOKUP(AN16,$A$13:$I$16,7,FALSE) -> 1
B19: Grupo C | K19: Pontos ganhos | N19: Pontos Ganhos | Q19: Saldo de gols | U19: Saldo de gols
A20: Seleção | B20: PT | C20: J | D20: V | E20: E | F20: D | G20: GP | H20: GC | I20: SG | L20: PT | O20: pt | R20: PT | S20: SG | V20: PT | W20: SG | Y20: PT | Z20: SG | AC20: PT | AD20: SG | AE20: GP | AG20: PT | AH20: SG | AI20: GP | AK20: PT | AL20: SG | AM20: GP | AO20: PT | AP20: SG | AQ20: GP
A21: Brasil | B21: =SUM((D21*3))+E21 -> 7 | C21: =COUNT('Tabela Jogos'!E20,'Tabela Jogos'!E23,'Tabela Jogos'!G25) -> 3 | D21: =SUM(IF(('Tabela Jogos'!$E$20>'Tabela Jogos'!$G$20),COUNT('Tabela Jogos'!$E$20)),IF(('Tabela Jogos'!$E$23>'Tabela Jogos'!$G$23),COUNT('Tabela Jogos'!$E$23)),IF(('Tabela Jogos'!$G$25>'Tabela Jogos'!$E$25),COUNT('Tabela Jogos'!$G$25))) -> 2 | E21: =SUM(IF(('Tabela Jogos'!$E$20='Tabela Jogos'!$G$20),COUNT('Tabela Jogos'!$E$20)),IF(('Tabela Jogos'!$E$23='Tabela Jogos'!$G$23),COUNT('Tabela Jogos'!$E$23)),IF(('Tabela Jogos'!$G$25='Tabela Jogos'!$E$25),COUNT('Tabela Jogos'!$G$25))) -> 1 | F21: =SUM(IF(('Tabela Jogos'!$E$20<'Tabela Jogos'!$G$20),COUNT('Tabela Jogos'!$E$20)),IF(('Tabela Jogos'!$E$23<'Tabela Jogos'!$G$23),COUNT('Tabela Jogos'!$E$23)),IF(('Tabela Jogos'!$G$25<'Tabela Jogos'!$E$25),COUNT('Tabela Jogos'!$G$25))) -> 0 | G21: =SUM((('Tabela Jogos'!E20+'Tabela Jogos'!E23)+'Tabela Jogos'!G25)) -> 7 | H21: =SUM((('Tabela Jogos'!G20+'Tabela Jogos'!G23)+'Tabela Jogos'!E25)) -> 1 | I21: =SUM((G21-H21)) -> 6 | K21: =IF((B21>=B22),A21,A22) -> Brasil | L21: =VLOOKUP(K21,$A$21:$I$24,2,FALSE) -> 7 | N21: =IF((L21>=L23),K21,K23) -> Brasil | O21: =VLOOKUP(N21,$A$21:$I$24,2,FALSE) -> 7 | Q21: =IF((O21>=O24),N21,N24) -> Brasil | R21: =VLOOKUP(Q21,$A$21:$I$24,2,FALSE) -> 7 | S21: =VLOOKUP(Q21,$A$21:$I$24,9,FALSE) -> 6 | U21: =IF(AND((R21=R22),(S22>S21)),Q22,Q21) -> Brasil | V21: =VLOOKUP(U21,$A$21:$I$24,2,FALSE) -> 7 | W21: =VLOOKUP(U21,$A$21:$I$24,9,FALSE) -> 6 | X21: =IF(AND((V21=V23),(W23>W21)),U23,U21) -> Brasil | Y21: =VLOOKUP(X21,$A$21:$I$24,2,FALSE) -> 7 | Z21: =VLOOKUP(X21,$A$21:$I$24,9,FALSE) -> 6 | AB21: =IF(AND((Y21=Y24),(Z24>Z21)),X24,X21) -> Brasil | AC21: =VLOOKUP(AB21,$A$21:$I$24,2,FALSE) -> 7 | AD21: =VLOOKUP(AB21,$A$21:$I$24,9,FALSE) -> 6 | AE21: =VLOOKUP(AB21,$A$21:$I$24,7,FALSE) -> 7 | AF21: =IF(AND((AC21=AC22),(AD21=AD22),(AE22>AE21)),AB22,AB21) -> Brasil | AG21: =VLOOKUP(AF21,$A$21:$I$24,2,FALSE) -> 7 | AH21: =VLOOKUP(AF21,$A$21:$I$24,9,FALSE) -> 6 | AI21: =VLOOKUP(AF21,$A$21:$I$24,7,FALSE) -> 7 | AJ21: =IF(AND((AG21=AG23),(AH21=AH23),(AI23>AI21)),AF23,AF21) -> Brasil | AK21: =VLOOKUP(AJ21,$A$21:$I$24,2,FALSE) -> 7 | AL21: =VLOOKUP(AJ21,$A$21:$I$24,9,FALSE) -> 6 | AM21: =VLOOKUP(AJ21,$A$21:$I$24,7,FALSE) -> 7 | AN21: =IF(AND((AK21=AK24),(AL21=AL24),(AM24>AM21)),AJ24,AJ21) -> Brasil | AO21: =VLOOKUP(AN21,$A$21:$I$24,2,FALSE) -> 7 | AP21: =VLOOKUP(AN21,$A$21:$I$24,9,FALSE) -> 6 | AQ21: =VLOOKUP(AN21,$A$21:$I$24,7,FALSE) -> 7
A22: Marrocos | B22: =SUM((D22*3))+E22 -> 7 | C22: =COUNT('Tabela Jogos'!G20,'Tabela Jogos'!G22,'Tabela Jogos'!E24) -> 3 | D22: =SUM(IF(('Tabela Jogos'!$G$20>'Tabela Jogos'!$E$20),COUNT('Tabela Jogos'!$G$20)),IF(('Tabela Jogos'!$G$22>'Tabela Jogos'!$E$22),COUNT('Tabela Jogos'!$G$22)),IF(('Tabela Jogos'!$E$24>'Tabela Jogos'!$G$24),COUNT('Tabela Jogos'!$E$24))) -> 2 | E22: =SUM(IF(('Tabela Jogos'!$G$20='Tabela Jogos'!$E$20),COUNT('Tabela Jogos'!$G$20)),IF(('Tabela Jogos'!$G$22='Tabela Jogos'!$E$22),COUNT('Tabela Jogos'!$G$22)),IF(('Tabela Jogos'!$E$24='Tabela Jogos'!$G$24),COUNT('Tabela Jogos'!$E$24))) -> 1 | F22: =SUM(IF(('Tabela Jogos'!$G$20<'Tabela Jogos'!$E$20),COUNT('Tabela Jogos'!$G$20)),IF(('Tabela Jogos'!$G$22<'Tabela Jogos'!$E$22),COUNT('Tabela Jogos'!$G$22)),IF(('Tabela Jogos'!$E$24<'Tabela Jogos'!$G$24),COUNT('Tabela Jogos'!$E$24))) -> 0 | G22: =SUM((('Tabela Jogos'!G20+'Tabela Jogos'!G22)+'Tabela Jogos'!E24)) -> 6 | H22: =SUM((('Tabela Jogos'!E20+'Tabela Jogos'!E22)+'Tabela Jogos'!G24)) -> 2 | I22: =SUM((G22-H22)) -> 4 | K22: =IF((B22<=B21),A22,A21) -> Marrocos | L22: =VLOOKUP(K22,$A$21:$I$24,2,FALSE) -> 7 | N22: =IF((L22>=L24),K22,K24) -> Marrocos | O22: =VLOOKUP(N22,$A$21:$I$24,2,FALSE) -> 7 | Q22: =IF((O22>=O23),N22,N23) -> Marrocos | R22: =VLOOKUP(Q22,$A$21:$I$24,2,FALSE) -> 7 | S22: =VLOOKUP(Q22,$A$21:$I$24,9,FALSE) -> 4 | U22: =IF(AND((R21=R22),(S22>S21)),Q21,Q22) -> Marrocos | V22: =VLOOKUP(U22,$A$21:$I$24,2,FALSE) -> 7 | W22: =VLOOKUP(U22,$A$21:$I$24,9,FALSE) -> 4 | X22: =IF(AND((V22=V24),(W24>W22)),U24,U22) -> Marrocos | Y22: =VLOOKUP(X22,$A$21:$I$24,2,FALSE) -> 7 | Z22: =VLOOKUP(X22,$A$21:$I$24,9,FALSE) -> 4 | AB22: =IF(AND((Y22=Y23),(Z23>Z22)),X23,X22) -> Marrocos | AC22: =VLOOKUP(AB22,$A$21:$I$24,2,FALSE) -> 7 | AD22: =VLOOKUP(AB22,$A$21:$I$24,9,FALSE) -> 4 | AE22: =VLOOKUP(AB22,$A$21:$I$24,7,FALSE) -> 6 | AF22: =IF(AND((AC22=AC21),(AD22=AD21),(AE22>AE21)),AB21,AB22) -> Marrocos | AG22: =VLOOKUP(AF22,$A$21:$I$24,2,FALSE) -> 7 | AH22: =VLOOKUP(AF22,$A$21:$I$24,9,FALSE) -> 4 | AI22: =VLOOKUP(AF22,$A$21:$I$24,7,FALSE) -> 6 | AJ22: =IF(AND((AG22=AG24),(AH22=AH24),(AI24>AI22)),AF24,AF22) -> Marrocos | AK22: =VLOOKUP(AJ22,$A$21:$I$24,2,FALSE) -> 7 | AL22: =VLOOKUP(AJ22,$A$21:$I$24,9,FALSE) -> 4 | AM22: =VLOOKUP(AJ22,$A$21:$I$24,7,FALSE) -> 6 | AN22: =IF(AND((AK22=AK23),(AL22=AL23),(AM23>AM22)),AJ23,AJ22) -> Marrocos | AO22: =VLOOKUP(AN22,$A$21:$I$24,2,FALSE) -> 7 | AP22: =VLOOKUP(AN22,$A$21:$I$24,9,FALSE) -> 4 | AQ22: =VLOOKUP(AN22,$A$21:$I$24,7,FALSE) -> 6
A23: Haiti | B23: =SUM((D23*3))+E23 -> 0 | C23: =COUNT('Tabela Jogos'!E21,'Tabela Jogos'!G23,'Tabela Jogos'!G24) -> 3 | D23: =SUM(IF(('Tabela Jogos'!$E$21>'Tabela Jogos'!$G$21),COUNT('Tabela Jogos'!$E$21)),IF(('Tabela Jogos'!$G$23>'Tabela Jogos'!$E$23),COUNT('Tabela Jogos'!$G$23)),IF(('Tabela Jogos'!$G$24>'Tabela Jogos'!$E$24),COUNT('Tabela Jogos'!$G$24))) -> 0 | E23: =SUM(IF(('Tabela Jogos'!$E$21='Tabela Jogos'!$G$21),COUNT('Tabela Jogos'!$E$21)),IF(('Tabela Jogos'!$G$23='Tabela Jogos'!$E$23),COUNT('Tabela Jogos'!$G$23)),IF(('Tabela Jogos'!$G$24='Tabela Jogos'!$E$24),COUNT('Tabela Jogos'!$G$24))) -> 0 | F23: =SUM(IF(('Tabela Jogos'!$E$21<'Tabela Jogos'!$G$21),COUNT('Tabela Jogos'!$E$21)),IF(('Tabela Jogos'!$G$23<'Tabela Jogos'!$E$23),COUNT('Tabela Jogos'!$G$23)),IF(('Tabela Jogos'!$G$24<'Tabela Jogos'!$E$24),COUNT('Tabela Jogos'!$G$24))) -> 3 | G23: =SUM((('Tabela Jogos'!E21+'Tabela Jogos'!G23)+'Tabela Jogos'!G24)) -> 1 | H23: =SUM((('Tabela Jogos'!G21+'Tabela Jogos'!E23)+'Tabela Jogos'!E24)) -> 10 | I23: =SUM((G23-H23)) -> -9 | K23: =IF((B23>=B24),A23,A24) -> Escócia | L23: =VLOOKUP(K23,$A$21:$I$24,2,FALSE) -> 3 | N23: =IF((L23<=L21),K23,K21) -> Escócia | O23: =VLOOKUP(N23,$A$21:$I$24,2,FALSE) -> 3 | Q23: =IF((O23<=O22),N23,N22) -> Escócia | R23: =VLOOKUP(Q23,$A$21:$I$24,2,FALSE) -> 3 | S23: =VLOOKUP(Q23,$A$21:$I$24,9,FALSE) -> -1 | U23: =IF(AND((R23=R24),(S24>S23)),Q24,Q23) -> Escócia | V23: =VLOOKUP(U23,$A$21:$I$24,2,FALSE) -> 3 | W23: =VLOOKUP(U23,$A$21:$I$24,9,FALSE) -> -1 | X23: =IF(AND((V21=V23),(W23>W21)),U21,U23) -> Escócia | Y23: =VLOOKUP(X23,$A$21:$I$24,2,FALSE) -> 3 | Z23: =VLOOKUP(X23,$A$21:$I$24,9,FALSE) -> -1 | AB23: =IF(AND((Y23=Y22),(Z23>Z22)),X22,X23) -> Escócia | AC23: =VLOOKUP(AB23,$A$21:$I$24,2,FALSE) -> 3 | AD23: =VLOOKUP(AB23,$A$21:$I$24,9,FALSE) -> -1 | AE23: =VLOOKUP(AB23,$A$21:$I$24,7,FALSE) -> 4 | AF23: =IF(AND((AC23=AC24),(AD23=AD24),(AE24>AE23)),AB24,AB23) -> Escócia | AG23: =VLOOKUP(AF23,$A$21:$I$24,2,FALSE) -> 3 | AH23: =VLOOKUP(AF23,$A$21:$I$24,9,FALSE) -> -1 | AI23: =VLOOKUP(AF23,$A$21:$I$24,7,FALSE) -> 4 | AJ23: =IF(AND((AG23=AG21),(AH23=AH21),(AI23>AI21)),AF21,AF23) -> Escócia | AK23: =VLOOKUP(AJ23,$A$21:$I$24,2,FALSE) -> 3 | AL23: =VLOOKUP(AJ23,$A$21:$I$24,9,FALSE) -> -1 | AM23: =VLOOKUP(AJ23,$A$21:$I$24,7,FALSE) -> 4 | AN23: =IF(AND((AK23=AK22),(AL23=AL22),(AM23>AM22)),AJ22,AJ23) -> Escócia | AO23: =VLOOKUP(AN23,$A$21:$I$24,2,FALSE) -> 3 | AP23: =VLOOKUP(AN23,$A$21:$I$24,9,FALSE) -> -1 | AQ23: =VLOOKUP(AN23,$A$21:$I$24,7,FALSE) -> 4
A24: Escócia | B24: =SUM((D24*3))+E24 -> 3 | C24: =COUNT('Tabela Jogos'!G21,'Tabela Jogos'!E22,'Tabela Jogos'!E25) -> 3 | D24: =SUM(IF(('Tabela Jogos'!$G$21>'Tabela Jogos'!$E$21),COUNT('Tabela Jogos'!$G$21)),IF(('Tabela Jogos'!$E$22>'Tabela Jogos'!$G$22),COUNT('Tabela Jogos'!$E$22)),IF(('Tabela Jogos'!$E$25>'Tabela Jogos'!$G$25),COUNT('Tabela Jogos'!$E$25))) -> 1 | E24: =SUM(IF(('Tabela Jogos'!$G$21='Tabela Jogos'!$E$21),COUNT('Tabela Jogos'!$G$21)),IF(('Tabela Jogos'!$E$22='Tabela Jogos'!$G$22),COUNT('Tabela Jogos'!$E$22)),IF(('Tabela Jogos'!$E$25='Tabela Jogos'!$G$25),COUNT('Tabela Jogos'!$E$25))) -> 0 | F24: =SUM(IF(('Tabela Jogos'!$G$21<'Tabela Jogos'!$E$21),COUNT('Tabela Jogos'!$G$21)),IF(('Tabela Jogos'!$E$22<'Tabela Jogos'!$G$22),COUNT('Tabela Jogos'!$E$22)),IF(('Tabela Jogos'!$E$25<'Tabela Jogos'!$G$25),COUNT('Tabela Jogos'!$E$25))) -> 2 | G24: =SUM((('Tabela Jogos'!G21+'Tabela Jogos'!E22)+'Tabela Jogos'!E25)) -> 4 | H24: =SUM((('Tabela Jogos'!E21+'Tabela Jogos'!G22)+'Tabela Jogos'!G25)) -> 5 | I24: =SUM((G24-H24)) -> -1 | K24: =IF((B24<=B23),A24,A23) -> Haiti | L24: =VLOOKUP(K24,$A$21:$I$24,2,FALSE) -> 0 | N24: =IF((L24<=L22),K24,K22) -> Haiti | O24: =VLOOKUP(N24,$A$21:$I$24,2,FALSE) -> 0 | Q24: =IF((O24<=O21),N24,N21) -> Haiti | R24: =VLOOKUP(Q24,$A$21:$I$24,2,FALSE) -> 0 | S24: =VLOOKUP(Q24,$A$21:$I$24,9,FALSE) -> -9 | U24: =IF(AND((R23=R24),(S24>S23)),Q23,Q24) -> Haiti | V24: =VLOOKUP(U24,$A$21:$I$24,2,FALSE) -> 0 | W24: =VLOOKUP(U24,$A$21:$I$24,9,FALSE) -> -9 | X24: =IF(AND((V22=V24),(W24>W22)),U22,U24) -> Haiti | Y24: =VLOOKUP(X24,$A$21:$I$24,2,FALSE) -> 0 | Z24: =VLOOKUP(X24,$A$21:$I$24,9,FALSE) -> -9 | AB24: =IF(AND((Y24=Y21),(Z24>Z21)),X21,X24) -> Haiti | AC24: =VLOOKUP(AB24,$A$21:$I$24,2,FALSE) -> 0 | AD24: =VLOOKUP(AB24,$A$21:$I$24,9,FALSE) -> -9 | AE24: =VLOOKUP(AB24,$A$21:$I$24,7,FALSE) -> 1 | AF24: =IF(AND((AC24=AC23),(AD24=AD23),(AE24>AE23)),X23,X24) -> Haiti | AG24: =VLOOKUP(AF24,$A$21:$I$24,2,FALSE) -> 0 | AH24: =VLOOKUP(AF24,$A$21:$I$24,9,FALSE) -> -9 | AI24: =VLOOKUP(AF24,$A$21:$I$24,7,FALSE) -> 1 | AJ24: =IF(AND((AG22=AG24),(AH22=AH24),(AI24>AI22)),AF22,AF24) -> Haiti | AK24: =VLOOKUP(AJ24,$A$21:$I$24,2,FALSE) -> 0 | AL24: =VLOOKUP(AJ24,$A$21:$I$24,9,FALSE) -> -9 | AM24: =VLOOKUP(AJ24,$A$21:$I$24,7,FALSE) -> 1 | AN24: =IF(AND((AK24=AK21),(AL24=AL21),(AM24>AM21)),AJ21,AJ24) -> Haiti | AO24: =VLOOKUP(AN24,$A$21:$I$24,2,FALSE) -> 0 | AP24: =VLOOKUP(AN24,$A$21:$I$24,9,FALSE) -> -9 | AQ24: =VLOOKUP(AN24,$A$21:$I$24,7,FALSE) -> 1
B27: Grupo D | K27: Pontos ganhos | N27: Pontos Ganhos | Q27: Saldo de gols | U27: Saldo de gols
A28: Seleção | B28: PT | C28: J | D28: V | E28: E | F28: D | G28: GP | H28: GC | I28: SG | L28: PT | O28: pt | R28: PT | S28: SG | V28: PT | W28: SG | Y28: PT | Z28: SG | AC28: PT | AD28: SG | AE28: GP | AG28: PT | AH28: SG | AI28: GP | AK28: PT | AL28: SG | AM28: GP | AO28: PT | AP28: SG | AQ28: GP
A29: Estados Unidos | B29: =SUM((D29*3))+E29 -> 6 | C29: =COUNT('Tabela Jogos'!E28,'Tabela Jogos'!E30,'Tabela Jogos'!G32) -> 3 | D29: =SUM(IF(('Tabela Jogos'!$E$28>'Tabela Jogos'!$G$28),COUNT('Tabela Jogos'!$E$28)),IF(('Tabela Jogos'!$E$30>'Tabela Jogos'!$G$30),COUNT('Tabela Jogos'!$E$30)),IF(('Tabela Jogos'!$G$32>'Tabela Jogos'!$E$32),COUNT('Tabela Jogos'!$G$32))) -> 2 | E29: =SUM(IF(('Tabela Jogos'!$E$28='Tabela Jogos'!$G$28),COUNT('Tabela Jogos'!$E$28)),IF(('Tabela Jogos'!$E$30='Tabela Jogos'!$G$30),COUNT('Tabela Jogos'!$E$30)),IF(('Tabela Jogos'!$G$32='Tabela Jogos'!$E$32),COUNT('Tabela Jogos'!$G$32))) -> 0 | F29: =SUM(IF(('Tabela Jogos'!$E$28<'Tabela Jogos'!$G$28),COUNT('Tabela Jogos'!$E$28)),IF(('Tabela Jogos'!$E$30<'Tabela Jogos'!$G$30),COUNT('Tabela Jogos'!$E$30)),IF(('Tabela Jogos'!$G$32<'Tabela Jogos'!$E$32),COUNT('Tabela Jogos'!$G$32))) -> 1 | G29: =SUM((('Tabela Jogos'!E28+'Tabela Jogos'!E30)+'Tabela Jogos'!G32)) -> 5 | H29: =SUM((('Tabela Jogos'!G28+'Tabela Jogos'!G30)+'Tabela Jogos'!E32)) -> 3 | I29: =SUM((G29-H29)) -> 2 | K29: =IF((B29>=B30),A29,A30) -> Estados Unidos | L29: =VLOOKUP(K29,$A$29:$I$32,2,FALSE) -> 6 | N29: =IF((L29>=L31),K29,K31) -> Turquia | O29: =VLOOKUP(N29,$A$29:$I$32,2,FALSE) -> 7 | Q29: =IF((O29>=O32),N29,N32) -> Turquia | R29: =VLOOKUP(Q29,$A$29:$I$32,2,FALSE) -> 7 | S29: =VLOOKUP(Q29,$A$29:$I$32,9,FALSE) -> 3 | U29: =IF(AND((R29=R30),(S30>S29)),Q30,Q29) -> Turquia | V29: =VLOOKUP(U29,$A$29:$I$32,2,FALSE) -> 7 | W29: =VLOOKUP(U29,$A$29:$I$32,9,FALSE) -> 3 | X29: =IF(AND((V29=V31),(W31>W29)),U31,U29) -> Turquia | Y29: =VLOOKUP(X29,$A$29:$I$32,2,FALSE) -> 7 | Z29: =VLOOKUP(X29,$A$29:$I$32,9,FALSE) -> 3 | AB29: =IF(AND((Y29=Y32),(Z32>Z29)),X32,X29) -> Turquia | AC29: =VLOOKUP(AB29,$A$29:$I$32,2,FALSE) -> 7 | AD29: =VLOOKUP(AB29,$A$29:$I$32,9,FALSE) -> 3 | AE29: =VLOOKUP(AB29,$A$29:$I$32,7,FALSE) -> 6 | AF29: =IF(AND((AC29=AC30),(AD29=AD30),(AE30>AE29)),AB30,AB29) -> Turquia | AG29: =VLOOKUP(AF29,$A$29:$I$32,2,FALSE) -> 7 | AH29: =VLOOKUP(AF29,$A$29:$I$32,9,FALSE) -> 3 | AI29: =VLOOKUP(AF29,$A$29:$I$32,7,FALSE) -> 6 | AJ29: =IF(AND((AG29=AG31),(AH29=AH31),(AI31>AI29)),AF31,AF29) -> Turquia | AK29: =VLOOKUP(AJ29,$A$29:$I$32,2,FALSE) -> 7 | AL29: =VLOOKUP(AJ29,$A$29:$I$32,9,FALSE) -> 3 | AM29: =VLOOKUP(AJ29,$A$29:$I$32,7,FALSE) -> 6 | AN29: =IF(AND((AK29=AK32),(AL29=AL32),(AM32>AM29)),AJ32,AJ29) -> Turquia | AO29: =VLOOKUP(AN29,$A$29:$I$32,2,FALSE) -> 7 | AP29: =VLOOKUP(AN29,$A$29:$I$32,9,FALSE) -> 3 | AQ29: =VLOOKUP(AN29,$A$29:$I$32,7,FALSE) -> 6
A30: Paraguai | B30: =SUM((D30*3))+E30 -> 4 | C30: =COUNT('Tabela Jogos'!G28,'Tabela Jogos'!G31,'Tabela Jogos'!E33) -> 3 | D30: =SUM(IF(('Tabela Jogos'!$G$28>'Tabela Jogos'!$E$28),COUNT('Tabela Jogos'!$G$28)),IF(('Tabela Jogos'!$G$31>'Tabela Jogos'!$E$31),COUNT('Tabela Jogos'!$G$31)),IF(('Tabela Jogos'!$E$33>'Tabela Jogos'!$G$33),COUNT('Tabela Jogos'!$E$33))) -> 1 | E30: =SUM(IF(('Tabela Jogos'!$G$28='Tabela Jogos'!$E$28),COUNT('Tabela Jogos'!$G$28)),IF(('Tabela Jogos'!$G$31='Tabela Jogos'!$E$31),COUNT('Tabela Jogos'!$G$31)),IF(('Tabela Jogos'!$E$33='Tabela Jogos'!$G$33),COUNT('Tabela Jogos'!$E$33))) -> 1 | F30: =SUM(IF(('Tabela Jogos'!$G$28<'Tabela Jogos'!$E$28),COUNT('Tabela Jogos'!$G$28)),IF(('Tabela Jogos'!$G$31<'Tabela Jogos'!$E$31),COUNT('Tabela Jogos'!$G$31)),IF(('Tabela Jogos'!$E$33<'Tabela Jogos'!$G$33),COUNT('Tabela Jogos'!$E$33))) -> 1 | G30: =SUM((('Tabela Jogos'!G28+'Tabela Jogos'!G31)+'Tabela Jogos'!E33)) -> 4 | H30: =SUM((('Tabela Jogos'!E28+'Tabela Jogos'!E31)+'Tabela Jogos'!G33)) -> 4 | I30: =SUM((G30-H30)) -> 0 | K30: =IF((B30<=B29),A30,A29) -> Paraguai | L30: =VLOOKUP(K30,$A$29:$I$32,2,FALSE) -> 4 | N30: =IF((L30>=L32),K30,K32) -> Paraguai | O30: =VLOOKUP(N30,$A$29:$I$32,2,FALSE) -> 4 | Q30: =IF((O30>=O31),N30,N31) -> Estados Unidos | R30: =VLOOKUP(Q30,$A$29:$I$32,2,FALSE) -> 6 | S30: =VLOOKUP(Q30,$A$29:$I$32,9,FALSE) -> 2 | U30: =IF(AND((R29=R30),(S30>S29)),Q29,Q30) -> Estados Unidos | V30: =VLOOKUP(U30,$A$29:$I$32,2,FALSE) -> 6 | W30: =VLOOKUP(U30,$A$29:$I$32,9,FALSE) -> 2 | X30: =IF(AND((V30=V32),(W32>W30)),U32,U30) -> Estados Unidos | Y30: =VLOOKUP(X30,$A$29:$I$32,2,FALSE) -> 6 | Z30: =VLOOKUP(X30,$A$29:$I$32,9,FALSE) -> 2 | AB30: =IF(AND((Y30=Y31),(Z31>Z30)),X31,X30) -> Estados Unidos | AC30: =VLOOKUP(AB30,$A$29:$I$32,2,FALSE) -> 6 | AD30: =VLOOKUP(AB30,$A$29:$I$32,9,FALSE) -> 2 | AE30: =VLOOKUP(AB30,$A$29:$I$32,7,FALSE) -> 5 | AF30: =IF(AND((AC30=AC29),(AD30=AD29),(AE30>AE29)),AB29,AB30) -> Estados Unidos | AG30: =VLOOKUP(AF30,$A$29:$I$32,2,FALSE) -> 6 | AH30: =VLOOKUP(AF30,$A$29:$I$32,9,FALSE) -> 2 | AI30: =VLOOKUP(AF30,$A$29:$I$32,7,FALSE) -> 5 | AJ30: =IF(AND((AG30=AG32),(AH30=AH32),(AI32>AI30)),AF32,AF30) -> Estados Unidos | AK30: =VLOOKUP(AJ30,$A$29:$I$32,2,FALSE) -> 6 | AL30: =VLOOKUP(AJ30,$A$29:$I$32,9,FALSE) -> 2 | AM30: =VLOOKUP(AJ30,$A$29:$I$32,7,FALSE) -> 5 | AN30: =IF(AND((AK30=AK31),(AL30=AL31),(AM31>AM30)),AJ31,AJ30) -> Estados Unidos | AO30: =VLOOKUP(AN30,$A$29:$I$32,2,FALSE) -> 6 | AP30: =VLOOKUP(AN30,$A$29:$I$32,9,FALSE) -> 2 | AQ30: =VLOOKUP(AN30,$A$29:$I$32,7,FALSE) -> 5
A31: Austrália | B31: =SUM((D31*3))+E31 -> 0 | C31: =COUNT('Tabela Jogos'!E29,'Tabela Jogos'!G30,'Tabela Jogos'!G33) -> 3 | D31: =SUM(IF(('Tabela Jogos'!$E$29>'Tabela Jogos'!$G$29),COUNT('Tabela Jogos'!$E$29)),IF(('Tabela Jogos'!$G$30>'Tabela Jogos'!$E$30),COUNT('Tabela Jogos'!$G$30)),IF(('Tabela Jogos'!$G$33>'Tabela Jogos'!$E$33),COUNT('Tabela Jogos'!$G$33))) -> 0 | E31: =SUM(IF(('Tabela Jogos'!$E$29='Tabela Jogos'!$G$29),COUNT('Tabela Jogos'!$E$29)),IF(('Tabela Jogos'!$G$30='Tabela Jogos'!$E$30),COUNT('Tabela Jogos'!$G$30)),IF(('Tabela Jogos'!$G$33='Tabela Jogos'!$E$33),COUNT('Tabela Jogos'!$G$33))) -> 0 | F31: =SUM(IF(('Tabela Jogos'!$E$29<'Tabela Jogos'!$G$29),COUNT('Tabela Jogos'!$E$29)),IF(('Tabela Jogos'!$G$30<'Tabela Jogos'!$E$30),COUNT('Tabela Jogos'!$G$30)),IF(('Tabela Jogos'!$G$33<'Tabela Jogos'!$E$33),COUNT('Tabela Jogos'!$G$33))) -> 3 | G31: =SUM((('Tabela Jogos'!E29+'Tabela Jogos'!G30)+'Tabela Jogos'!G33)) -> 2 | H31: =SUM((('Tabela Jogos'!G29+'Tabela Jogos'!E30)+'Tabela Jogos'!E33)) -> 7 | I31: =SUM((G31-H31)) -> -5 | K31: =IF((B31>=B32),A31,A32) -> Turquia | L31: =VLOOKUP(K31,$A$29:$I$32,2,FALSE) -> 7 | N31: =IF((L31<=L29),K31,K29) -> Estados Unidos | O31: =VLOOKUP(N31,$A$29:$I$32,2,FALSE) -> 6 | Q31: =IF((O31<=O30),N31,N30) -> Paraguai | R31: =VLOOKUP(Q31,$A$29:$I$32,2,FALSE) -> 4 | S31: =VLOOKUP(Q31,$A$29:$I$32,9,FALSE) -> 0 | U31: =IF(AND((R31=R32),(S32>S31)),Q32,Q31) -> Paraguai | V31: =VLOOKUP(U31,$A$29:$I$32,2,FALSE) -> 4 | W31: =VLOOKUP(U31,$A$29:$I$32,9,FALSE) -> 0 | X31: =IF(AND((V29=V31),(W31>W29)),U29,U31) -> Paraguai | Y31: =VLOOKUP(X31,$A$29:$I$32,2,FALSE) -> 4 | Z31: =VLOOKUP(X31,$A$29:$I$32,9,FALSE) -> 0 | AB31: =IF(AND((Y31=Y30),(Z31>Z30)),X30,X31) -> Paraguai | AC31: =VLOOKUP(AB31,$A$29:$I$32,2,FALSE) -> 4 | AD31: =VLOOKUP(AB31,$A$29:$I$32,9,FALSE) -> 0 | AE31: =VLOOKUP(AB31,$A$29:$I$32,7,FALSE) -> 4 | AF31: =IF(AND((AC31=AC32),(AD31=AD32),(AE32>AE31)),AB32,AB31) -> Paraguai | AG31: =VLOOKUP(AF31,$A$29:$I$32,2,FALSE) -> 4 | AH31: =VLOOKUP(AF31,$A$29:$I$32,9,FALSE) -> 0 | AI31: =VLOOKUP(AF31,$A$29:$I$32,7,FALSE) -> 4 | AJ31: =IF(AND((AG31=AG29),(AH31=AH29),(AI31>AI29)),AF29,AF31) -> Paraguai | AK31: =VLOOKUP(AJ31,$A$29:$I$32,2,FALSE) -> 4 | AL31: =VLOOKUP(AJ31,$A$29:$I$32,9,FALSE) -> 0 | AM31: =VLOOKUP(AJ31,$A$29:$I$32,7,FALSE) -> 4 | AN31: =IF(AND((AK31=AK30),(AL31=AL30),(AM31>AM30)),AJ30,AJ31) -> Paraguai | AO31: =VLOOKUP(AN31,$A$29:$I$32,2,FALSE) -> 4 | AP31: =VLOOKUP(AN31,$A$29:$I$32,9,FALSE) -> 0 | AQ31: =VLOOKUP(AN31,$A$29:$I$32,7,FALSE) -> 4
A32: Turquia | B32: =SUM((D32*3))+E32 -> 7 | C32: =COUNT('Tabela Jogos'!G29,'Tabela Jogos'!E31,'Tabela Jogos'!E32) -> 3 | D32: =SUM(IF(('Tabela Jogos'!$G$29>'Tabela Jogos'!$E$29),COUNT('Tabela Jogos'!$G$29)),IF(('Tabela Jogos'!$E$31>'Tabela Jogos'!$G$31),COUNT('Tabela Jogos'!$E$31)),IF(('Tabela Jogos'!$E$32>'Tabela Jogos'!$G$32),COUNT('Tabela Jogos'!$E$32))) -> 2 | E32: =SUM(IF(('Tabela Jogos'!$G$29='Tabela Jogos'!$E$29),COUNT('Tabela Jogos'!$G$29)),IF(('Tabela Jogos'!$E$31='Tabela Jogos'!$G$31),COUNT('Tabela Jogos'!$E$31)),IF(('Tabela Jogos'!$E$32='Tabela Jogos'!$G$32),COUNT('Tabela Jogos'!$E$32))) -> 1 | F32: =SUM(IF(('Tabela Jogos'!$G$29<'Tabela Jogos'!$E$29),COUNT('Tabela Jogos'!$G$29)),IF(('Tabela Jogos'!$E$31<'Tabela Jogos'!$G$31),COUNT('Tabela Jogos'!$E$31)),IF(('Tabela Jogos'!$E$32<'Tabela Jogos'!$G$32),COUNT('Tabela Jogos'!$E$32))) -> 0 | G32: =SUM((('Tabela Jogos'!G29+'Tabela Jogos'!E31)+'Tabela Jogos'!E32)) -> 6 | H32: =SUM((('Tabela Jogos'!E29+'Tabela Jogos'!G31)+'Tabela Jogos'!G32)) -> 3 | I32: =SUM((G32-H32)) -> 3 | K32: =IF((B32<=B31),A32,A31) -> Austrália | L32: =VLOOKUP(K32,$A$29:$I$32,2,FALSE) -> 0 | N32: =IF((L32<=L30),K32,K30) -> Austrália | O32: =VLOOKUP(N32,$A$29:$I$32,2,FALSE) -> 0 | Q32: =IF((O32<=O29),N32,N29) -> Austrália | R32: =VLOOKUP(Q32,$A$29:$I$32,2,FALSE) -> 0 | S32: =VLOOKUP(Q32,$A$29:$I$32,9,FALSE) -> -5 | U32: =IF(AND((R31=R32),(S32>S31)),Q31,Q32) -> Austrália | V32: =VLOOKUP(U32,$A$29:$I$32,2,FALSE) -> 0 | W32: =VLOOKUP(U32,$A$29:$I$32,9,FALSE) -> -5 | X32: =IF(AND((V30=V32),(W32>W30)),U30,U32) -> Austrália | Y32: =VLOOKUP(X32,$A$29:$I$32,2,FALSE) -> 0 | Z32: =VLOOKUP(X32,$A$29:$I$32,9,FALSE) -> -5 | AB32: =IF(AND((Y32=Y29),(Z32>Z29)),X29,X32) -> Austrália | AC32: =VLOOKUP(AB32,$A$29:$I$32,2,FALSE) -> 0 | AD32: =VLOOKUP(AB32,$A$29:$I$32,9,FALSE) -> -5 | AE32: =VLOOKUP(AB32,$A$29:$I$32,7,FALSE) -> 2 | AF32: =IF(AND((AC32=AC31),(AD32=AD31),(AE32>AE31)),X31,X32) -> Austrália | AG32: =VLOOKUP(AF32,$A$29:$I$32,2,FALSE) -> 0 | AH32: =VLOOKUP(AF32,$A$29:$I$32,9,FALSE) -> -5 | AI32: =VLOOKUP(AF32,$A$29:$I$32,7,FALSE) -> 2 | AJ32: =IF(AND((AG30=AG32),(AH30=AH32),(AI32>AI30)),AF30,AF32) -> Austrália | AK32: =VLOOKUP(AJ32,$A$29:$I$32,2,FALSE) -> 0 | AL32: =VLOOKUP(AJ32,$A$29:$I$32,9,FALSE) -> -5 | AM32: =VLOOKUP(AJ32,$A$29:$I$32,7,FALSE) -> 2 | AN32: =IF(AND((AK32=AK29),(AL32=AL29),(AM32>AM29)),AJ29,AJ32) -> Austrália | AO32: =VLOOKUP(AN32,$A$29:$I$32,2,FALSE) -> 0 | AP32: =VLOOKUP(AN32,$A$29:$I$32,9,FALSE) -> -5 | AQ32: =VLOOKUP(AN32,$A$29:$I$32,7,FALSE) -> 2
B35: Grupo E | K35: Pontos ganhos | N35: Pontos Ganhos | Q35: Saldo de gols | U35: Saldo de gols
A36: Seleção | B36: PT | C36: J | D36: V | E36: E | F36: D | G36: GP | H36: GC | I36: SG | L36: PT | O36: pt | R36: PT | S36: SG | V36: PT | W36: SG | Y36: PT | Z36: SG | AC36: PT | AD36: SG | AE36: GP | AG36: PT | AH36: SG | AI36: GP | AK36: PT | AL36: SG | AM36: GP | AO36: PT | AP36: SG | AQ36: GP
A37: Alemanha | B37: =SUM((D37*3))+E37 -> 9 | C37: =COUNT('Tabela Jogos'!E36,'Tabela Jogos'!E38,'Tabela Jogos'!G40) -> 3 | D37: =SUM(IF(('Tabela Jogos'!$E$36>'Tabela Jogos'!$G$36),COUNT('Tabela Jogos'!$E$36)),IF(('Tabela Jogos'!$E$38>'Tabela Jogos'!$G$38),COUNT('Tabela Jogos'!$E$38)),IF(('Tabela Jogos'!$G$40>'Tabela Jogos'!$E$40),COUNT('Tabela Jogos'!$G$40))) -> 3 | E37: =SUM(IF(('Tabela Jogos'!$E$36='Tabela Jogos'!$G$36),COUNT('Tabela Jogos'!$E$36)),IF(('Tabela Jogos'!$E$38='Tabela Jogos'!$G$38),COUNT('Tabela Jogos'!$E$38)),IF(('Tabela Jogos'!$G$40='Tabela Jogos'!$E$40),COUNT('Tabela Jogos'!$G$40))) -> 0 | F37: =SUM(IF(('Tabela Jogos'!$E$36<'Tabela Jogos'!$G$36),COUNT('Tabela Jogos'!$E$36)),IF(('Tabela Jogos'!$E$38<'Tabela Jogos'!$G$38),COUNT('Tabela Jogos'!$E$38)),IF(('Tabela Jogos'!$G$40<'Tabela Jogos'!$E$40),COUNT('Tabela Jogos'!$G$40))) -> 0 | G37: =SUM((('Tabela Jogos'!E36+'Tabela Jogos'!E38)+'Tabela Jogos'!G40)) -> 9 | H37: =SUM((('Tabela Jogos'!G36+'Tabela Jogos'!G38)+'Tabela Jogos'!E40)) -> 2 | I37: =SUM((G37-H37)) -> 7 | K37: =IF((B37>=B38),A37,A38) -> Alemanha | L37: =VLOOKUP(K37,$A$37:$I$40,2,FALSE) -> 9 | N37: =IF((L37>=L39),K37,K39) -> Alemanha | O37: =VLOOKUP(N37,$A$37:$I$40,2,FALSE) -> 9 | Q37: =IF((O37>=O40),N37,N40) -> Alemanha | R37: =VLOOKUP(Q37,$A$37:$I$40,2,FALSE) -> 9 | S37: =VLOOKUP(Q37,$A$37:$I$40,9,FALSE) -> 7 | U37: =IF(AND((R37=R38),(S38>S37)),Q38,Q37) -> Alemanha | V37: =VLOOKUP(U37,$A$37:$I$40,2,FALSE) -> 9 | W37: =VLOOKUP(U37,$A$37:$I$40,9,FALSE) -> 7 | X37: =IF(AND((V37=V39),(W39>W37)),U39,U37) -> Alemanha | Y37: =VLOOKUP(X37,$A$37:$I$40,2,FALSE) -> 9 | Z37: =VLOOKUP(X37,$A$37:$I$40,9,FALSE) -> 7 | AB37: =IF(AND((Y37=Y40),(Z40>Z37)),X40,X37) -> Alemanha | AC37: =VLOOKUP(AB37,$A$37:$I$40,2,FALSE) -> 9 | AD37: =VLOOKUP(AB37,$A$37:$I$40,9,FALSE) -> 7 | AE37: =VLOOKUP(AB37,$A$37:$I$40,7,FALSE) -> 9 | AF37: =IF(AND((AC37=AC38),(AD37=AD38),(AE38>AE37)),AB38,AB37) -> Alemanha | AG37: =VLOOKUP(AF37,$A$37:$I$40,2,FALSE) -> 9 | AH37: =VLOOKUP(AF37,$A$37:$I$40,9,FALSE) -> 7 | AI37: =VLOOKUP(AF37,$A$37:$I$40,7,FALSE) -> 9 | AJ37: =IF(AND((AG37=AG39),(AH37=AH39),(AI39>AI37)),AF39,AF37) -> Alemanha | AK37: =VLOOKUP(AJ37,$A$37:$I$40,2,FALSE) -> 9 | AL37: =VLOOKUP(AJ37,$A$37:$I$40,9,FALSE) -> 7 | AM37: =VLOOKUP(AJ37,$A$37:$I$40,7,FALSE) -> 9 | AN37: =IF(AND((AK37=AK40),(AL37=AL40),(AM40>AM37)),AJ40,AJ37) -> Alemanha | AO37: =VLOOKUP(AN37,$A$37:$I$40,2,FALSE) -> 9 | AP37: =VLOOKUP(AN37,$A$37:$I$40,9,FALSE) -> 7 | AQ37: =VLOOKUP(AN37,$A$37:$I$40,7,FALSE) -> 9
A38: Curaçao | B38: =SUM((D38*3))+E38 -> 0 | C38: =COUNT('Tabela Jogos'!G36,'Tabela Jogos'!G39,'Tabela Jogos'!E41) -> 3 | D38: =SUM(IF(('Tabela Jogos'!$G$36>'Tabela Jogos'!$E$36),COUNT('Tabela Jogos'!$G$36)),IF(('Tabela Jogos'!$G$39>'Tabela Jogos'!$E$39),COUNT('Tabela Jogos'!$G$39)),IF(('Tabela Jogos'!$E$41>'Tabela Jogos'!$G$41),COUNT('Tabela Jogos'!$E$41))) -> 0 | E38: =SUM(IF(('Tabela Jogos'!$G$36='Tabela Jogos'!$E$36),COUNT('Tabela Jogos'!$G$36)),IF(('Tabela Jogos'!$G$39='Tabela Jogos'!$E$39),COUNT('Tabela Jogos'!$G$39)),IF(('Tabela Jogos'!$E$41='Tabela Jogos'!$G$41),COUNT('Tabela Jogos'!$E$41))) -> 0 | F38: =SUM(IF(('Tabela Jogos'!$G$36<'Tabela Jogos'!$E$36),COUNT('Tabela Jogos'!$G$36)),IF(('Tabela Jogos'!$G$39<'Tabela Jogos'!$E$39),COUNT('Tabela Jogos'!$G$39)),IF(('Tabela Jogos'!$E$41<'Tabela Jogos'!$G$41),COUNT('Tabela Jogos'!$E$41))) -> 3 | G38: =SUM((('Tabela Jogos'!G36+'Tabela Jogos'!G39)+'Tabela Jogos'!E41)) -> 0 | H38: =SUM((('Tabela Jogos'!E36+'Tabela Jogos'!E39)+'Tabela Jogos'!G41)) -> 11 | I38: =SUM((G38-H38)) -> -11 | K38: =IF((B38<=B37),A38,A37) -> Curaçao | L38: =VLOOKUP(K38,$A$37:$I$40,2,FALSE) -> 0 | N38: =IF((L38>=L40),K38,K40) -> Equador | O38: =VLOOKUP(N38,$A$37:$I$40,2,FALSE) -> 4 | Q38: =IF((O38>=O39),N38,N39) -> Equador | R38: =VLOOKUP(Q38,$A$37:$I$40,2,FALSE) -> 4 | S38: =VLOOKUP(Q38,$A$37:$I$40,9,FALSE) -> 2 | U38: =IF(AND((R37=R38),(S38>S37)),Q37,Q38) -> Equador | V38: =VLOOKUP(U38,$A$37:$I$40,2,FALSE) -> 4 | W38: =VLOOKUP(U38,$A$37:$I$40,9,FALSE) -> 2 | X38: =IF(AND((V38=V40),(W40>W38)),U40,U38) -> Equador | Y38: =VLOOKUP(X38,$A$37:$I$40,2,FALSE) -> 4 | Z38: =VLOOKUP(X38,$A$37:$I$40,9,FALSE) -> 2 | AB38: =IF(AND((Y38=Y39),(Z39>Z38)),X39,X38) -> Equador | AC38: =VLOOKUP(AB38,$A$37:$I$40,2,FALSE) -> 4 | AD38: =VLOOKUP(AB38,$A$37:$I$40,9,FALSE) -> 2 | AE38: =VLOOKUP(AB38,$A$37:$I$40,7,FALSE) -> 6 | AF38: =IF(AND((AC38=AC37),(AD38=AD37),(AE38>AE37)),AB37,AB38) -> Equador | AG38: =VLOOKUP(AF38,$A$37:$I$40,2,FALSE) -> 4 | AH38: =VLOOKUP(AF38,$A$37:$I$40,9,FALSE) -> 2 | AI38: =VLOOKUP(AF38,$A$37:$I$40,7,FALSE) -> 6 | AJ38: =IF(AND((AG38=AG40),(AH38=AH40),(AI40>AI38)),AF40,AF38) -> Equador | AK38: =VLOOKUP(AJ38,$A$37:$I$40,2,FALSE) -> 4 | AL38: =VLOOKUP(AJ38,$A$37:$I$40,9,FALSE) -> 2 | AM38: =VLOOKUP(AJ38,$A$37:$I$40,7,FALSE) -> 6 | AN38: =IF(AND((AK38=AK39),(AL38=AL39),(AM39>AM38)),AJ39,AJ38) -> Equador | AO38: =VLOOKUP(AN38,$A$37:$I$40,2,FALSE) -> 4 | AP38: =VLOOKUP(AN38,$A$37:$I$40,9,FALSE) -> 2 | AQ38: =VLOOKUP(AN38,$A$37:$I$40,7,FALSE) -> 6
A39: Costa do Marfim | B39: =SUM((D39*3))+E39 -> 4 | C39: =COUNT('Tabela Jogos'!E37,'Tabela Jogos'!G38,'Tabela Jogos'!G41) -> 3 | D39: =SUM(IF(('Tabela Jogos'!$E$37>'Tabela Jogos'!$G$37),COUNT('Tabela Jogos'!$E$37)),IF(('Tabela Jogos'!$G$38>'Tabela Jogos'!$E$38),COUNT('Tabela Jogos'!$G$38)),IF(('Tabela Jogos'!$G$41>'Tabela Jogos'!$E$41),COUNT('Tabela Jogos'!$G$41))) -> 1 | E39: =SUM(IF(('Tabela Jogos'!$E$37='Tabela Jogos'!$G$37),COUNT('Tabela Jogos'!$E$37)),IF(('Tabela Jogos'!$G$38='Tabela Jogos'!$E$38),COUNT('Tabela Jogos'!$G$38)),IF(('Tabela Jogos'!$G$41='Tabela Jogos'!$E$41),COUNT('Tabela Jogos'!$G$41))) -> 1 | F39: =SUM(IF(('Tabela Jogos'!$E$37<'Tabela Jogos'!$G$37),COUNT('Tabela Jogos'!$E$37)),IF(('Tabela Jogos'!$G$38<'Tabela Jogos'!$E$38),COUNT('Tabela Jogos'!$G$38)),IF(('Tabela Jogos'!$G$41<'Tabela Jogos'!$E$41),COUNT('Tabela Jogos'!$G$41))) -> 1 | G39: =SUM((('Tabela Jogos'!E37+'Tabela Jogos'!G38)+'Tabela Jogos'!G41)) -> 6 | H39: =SUM((('Tabela Jogos'!G37+'Tabela Jogos'!E38)+'Tabela Jogos'!E41)) -> 4 | I39: =SUM((G39-H39)) -> 2 | K39: =IF((B39>=B40),A39,A40) -> Costa do Marfim | L39: =VLOOKUP(K39,$A$37:$I$40,2,FALSE) -> 4 | N39: =IF((L39<=L37),K39,K37) -> Costa do Marfim | O39: =VLOOKUP(N39,$A$37:$I$40,2,FALSE) -> 4 | Q39: =IF((O39<=O38),N39,N38) -> Costa do Marfim | R39: =VLOOKUP(Q39,$A$37:$I$40,2,FALSE) -> 4 | S39: =VLOOKUP(Q39,$A$37:$I$40,9,FALSE) -> 2 | U39: =IF(AND((R39=R40),(S40>S39)),Q40,Q39) -> Costa do Marfim | V39: =VLOOKUP(U39,$A$37:$I$40,2,FALSE) -> 4 | W39: =VLOOKUP(U39,$A$37:$I$40,9,FALSE) -> 2 | X39: =IF(AND((V37=V39),(W39>W37)),U37,U39) -> Costa do Marfim | Y39: =VLOOKUP(X39,$A$37:$I$40,2,FALSE) -> 4 | Z39: =VLOOKUP(X39,$A$37:$I$40,9,FALSE) -> 2 | AB39: =IF(AND((Y39=Y38),(Z39>Z38)),X38,X39) -> Costa do Marfim | AC39: =VLOOKUP(AB39,$A$37:$I$40,2,FALSE) -> 4 | AD39: =VLOOKUP(AB39,$A$37:$I$40,9,FALSE) -> 2 | AE39: =VLOOKUP(AB39,$A$37:$I$40,7,FALSE) -> 6 | AF39: =IF(AND((AC39=AC40),(AD39=AD40),(AE40>AE39)),AB40,AB39) -> Costa do Marfim | AG39: =VLOOKUP(AF39,$A$37:$I$40,2,FALSE) -> 4 | AH39: =VLOOKUP(AF39,$A$37:$I$40,9,FALSE) -> 2 | AI39: =VLOOKUP(AF39,$A$37:$I$40,7,FALSE) -> 6 | AJ39: =IF(AND((AG39=AG37),(AH39=AH37),(AI39>AI37)),AF37,AF39) -> Costa do Marfim | AK39: =VLOOKUP(AJ39,$A$37:$I$40,2,FALSE) -> 4 | AL39: =VLOOKUP(AJ39,$A$37:$I$40,9,FALSE) -> 2 | AM39: =VLOOKUP(AJ39,$A$37:$I$40,7,FALSE) -> 6 | AN39: =IF(AND((AK39=AK38),(AL39=AL38),(AM39>AM38)),AJ38,AJ39) -> Costa do Marfim | AO39: =VLOOKUP(AN39,$A$37:$I$40,2,FALSE) -> 4 | AP39: =VLOOKUP(AN39,$A$37:$I$40,9,FALSE) -> 2 | AQ39: =VLOOKUP(AN39,$A$37:$I$40,7,FALSE) -> 6
A40: Equador | B40: =SUM((D40*3))+E40 -> 4 | C40: =COUNT('Tabela Jogos'!G37,'Tabela Jogos'!E39,'Tabela Jogos'!E40) -> 3 | D40: =SUM(IF(('Tabela Jogos'!$G$37>'Tabela Jogos'!$E$37),COUNT('Tabela Jogos'!$G$37)),IF(('Tabela Jogos'!$E$39>'Tabela Jogos'!$G$39),COUNT('Tabela Jogos'!$E$39)),IF(('Tabela Jogos'!$E$40>'Tabela Jogos'!$G$40),COUNT('Tabela Jogos'!$E$40))) -> 1 | E40: =SUM(IF(('Tabela Jogos'!$G$37='Tabela Jogos'!$E$37),COUNT('Tabela Jogos'!$G$37)),IF(('Tabela Jogos'!$E$39='Tabela Jogos'!$G$39),COUNT('Tabela Jogos'!$E$39)),IF(('Tabela Jogos'!$E$40='Tabela Jogos'!$G$40),COUNT('Tabela Jogos'!$E$40))) -> 1 | F40: =SUM(IF(('Tabela Jogos'!$G$37<'Tabela Jogos'!$E$37),COUNT('Tabela Jogos'!$G$37)),IF(('Tabela Jogos'!$E$39<'Tabela Jogos'!$G$39),COUNT('Tabela Jogos'!$E$39)),IF(('Tabela Jogos'!$E$40<'Tabela Jogos'!$G$40),COUNT('Tabela Jogos'!$E$40))) -> 1 | G40: =SUM((('Tabela Jogos'!G37+'Tabela Jogos'!E39)+'Tabela Jogos'!E40)) -> 6 | H40: =SUM((('Tabela Jogos'!E37+'Tabela Jogos'!G39)+'Tabela Jogos'!G40)) -> 4 | I40: =SUM((G40-H40)) -> 2 | K40: =IF((B40<=B39),A40,A39) -> Equador | L40: =VLOOKUP(K40,$A$37:$I$40,2,FALSE) -> 4 | N40: =IF((L40<=L38),K40,K38) -> Curaçao | O40: =VLOOKUP(N40,$A$37:$I$40,2,FALSE) -> 0 | Q40: =IF((O40<=O37),N40,N37) -> Curaçao | R40: =VLOOKUP(Q40,$A$37:$I$40,2,FALSE) -> 0 | S40: =VLOOKUP(Q40,$A$37:$I$40,9,FALSE) -> -11 | U40: =IF(AND((R39=R40),(S40>S39)),Q39,Q40) -> Curaçao | V40: =VLOOKUP(U40,$A$37:$I$40,2,FALSE) -> 0 | W40: =VLOOKUP(U40,$A$37:$I$40,9,FALSE) -> -11 | X40: =IF(AND((V38=V40),(W40>W38)),U38,U40) -> Curaçao | Y40: =VLOOKUP(X40,$A$37:$I$40,2,FALSE) -> 0 | Z40: =VLOOKUP(X40,$A$37:$I$40,9,FALSE) -> -11 | AB40: =IF(AND((Y40=Y37),(Z40>Z37)),X37,X40) -> Curaçao | AC40: =VLOOKUP(AB40,$A$37:$I$40,2,FALSE) -> 0 | AD40: =VLOOKUP(AB40,$A$37:$I$40,9,FALSE) -> -11 | AE40: =VLOOKUP(AB40,$A$37:$I$40,7,FALSE) -> 0 | AF40: =IF(AND((AC40=AC39),(AD40=AD39),(AE40>AE39)),X39,X40) -> Curaçao | AG40: =VLOOKUP(AF40,$A$37:$I$40,2,FALSE) -> 0 | AH40: =VLOOKUP(AF40,$A$37:$I$40,9,FALSE) -> -11 | AI40: =VLOOKUP(AF40,$A$37:$I$40,7,FALSE) -> 0 | AJ40: =IF(AND((AG38=AG40),(AH38=AH40),(AI40>AI38)),AF38,AF40) -> Curaçao | AK40: =VLOOKUP(AJ40,$A$37:$I$40,2,FALSE) -> 0 | AL40: =VLOOKUP(AJ40,$A$37:$I$40,9,FALSE) -> -11 | AM40: =VLOOKUP(AJ40,$A$37:$I$40,7,FALSE) -> 0 | AN40: =IF(AND((AK40=AK37),(AL40=AL37),(AM40>AM37)),AJ37,AJ40) -> Curaçao | AO40: =VLOOKUP(AN40,$A$37:$I$40,2,FALSE) -> 0 | AP40: =VLOOKUP(AN40,$A$37:$I$40,9,FALSE) -> -11 | AQ40: =VLOOKUP(AN40,$A$37:$I$40,7,FALSE) -> 0
B43: Grupo F | K43: Pontos ganhos | N43: Pontos Ganhos | Q43: Saldo de gols | U43: Saldo de gols
A44: Seleção | B44: PT | C44: J | D44: V | E44: E | F44: D | G44: GP | H44: GC | I44: SG | L44: PT | O44: pt | R44: PT | S44: SG | V44: PT | W44: SG | Y44: PT | Z44: SG | AC44: PT | AD44: SG | AE44: GP | AG44: PT | AH44: SG | AI44: GP | AK44: PT | AL44: SG | AM44: GP | AO44: PT | AP44: SG | AQ44: GP
A45: Holanda | B45: =SUM((D45*3))+E45 -> 9 | C45: =COUNT('Tabela Jogos'!E44,'Tabela Jogos'!E46,'Tabela Jogos'!G48) -> 3 | D45: =SUM(IF(('Tabela Jogos'!$E$44>'Tabela Jogos'!$G$44),COUNT('Tabela Jogos'!$E$44)),IF(('Tabela Jogos'!$E$46>'Tabela Jogos'!$G$46),COUNT('Tabela Jogos'!$E$46)),IF(('Tabela Jogos'!$G$48>'Tabela Jogos'!$E$48),COUNT('Tabela Jogos'!$G$48))) -> 3 | E45: =SUM(IF(('Tabela Jogos'!$E$44='Tabela Jogos'!$G$44),COUNT('Tabela Jogos'!$E$44)),IF(('Tabela Jogos'!$E$46='Tabela Jogos'!$G$46),COUNT('Tabela Jogos'!$E$46)),IF(('Tabela Jogos'!$G$48='Tabela Jogos'!$E$48),COUNT('Tabela Jogos'!$G$48))) -> 0 | F45: =SUM(IF(('Tabela Jogos'!$E$44<'Tabela Jogos'!$G$44),COUNT('Tabela Jogos'!$E$44)),IF(('Tabela Jogos'!$E$46<'Tabela Jogos'!$G$46),COUNT('Tabela Jogos'!$E$46)),IF(('Tabela Jogos'!$G$48<'Tabela Jogos'!$E$48),COUNT('Tabela Jogos'!$G$48))) -> 0 | G45: =SUM((('Tabela Jogos'!E44+'Tabela Jogos'!E46)+'Tabela Jogos'!G48)) -> 8 | H45: =SUM((('Tabela Jogos'!G44+'Tabela Jogos'!G46)+'Tabela Jogos'!E48)) -> 3 | I45: =SUM((G45-H45)) -> 5 | K45: =IF((B45>=B46),A45,A46) -> Holanda | L45: =VLOOKUP(K45,$A$45:$I$48,2,FALSE) -> 9 | N45: =IF((L45>=L47),K45,K47) -> Holanda | O45: =VLOOKUP(N45,$A$45:$I$48,2,FALSE) -> 9 | Q45: =IF((O45>=O48),N45,N48) -> Holanda | R45: =VLOOKUP(Q45,$A$45:$I$48,2,FALSE) -> 9 | S45: =VLOOKUP(Q45,$A$45:$I$48,9,FALSE) -> 5 | U45: =IF(AND((R45=R46),(S46>S45)),Q46,Q45) -> Holanda | V45: =VLOOKUP(U45,$A$45:$I$48,2,FALSE) -> 9 | W45: =VLOOKUP(U45,$A$45:$I$48,9,FALSE) -> 5 | X45: =IF(AND((V45=V47),(W47>W45)),U47,U45) -> Holanda | Y45: =VLOOKUP(X45,$A$45:$I$48,2,FALSE) -> 9 | Z45: =VLOOKUP(X45,$A$45:$I$48,9,FALSE) -> 5 | AB45: =IF(AND((Y45=Y48),(Z48>Z45)),X48,X45) -> Holanda | AC45: =VLOOKUP(AB45,$A$45:$I$48,2,FALSE) -> 9 | AD45: =VLOOKUP(AB45,$A$45:$I$48,9,FALSE) -> 5 | AE45: =VLOOKUP(AB45,$A$45:$I$48,7,FALSE) -> 8 | AF45: =IF(AND((AC45=AC46),(AD45=AD46),(AE46>AE45)),AB46,AB45) -> Holanda | AG45: =VLOOKUP(AF45,$A$45:$I$48,2,FALSE) -> 9 | AH45: =VLOOKUP(AF45,$A$45:$I$48,9,FALSE) -> 5 | AI45: =VLOOKUP(AF45,$A$45:$I$48,7,FALSE) -> 8 | AJ45: =IF(AND((AG45=AG47),(AH45=AH47),(AI47>AI45)),AF47,AF45) -> Holanda | AK45: =VLOOKUP(AJ45,$A$45:$I$48,2,FALSE) -> 9 | AL45: =VLOOKUP(AJ45,$A$45:$I$48,9,FALSE) -> 5 | AM45: =VLOOKUP(AJ45,$A$45:$I$48,7,FALSE) -> 8 | AN45: =IF(AND((AK45=AK48),(AL45=AL48),(AM48>AM45)),AJ48,AJ45) -> Holanda | AO45: =VLOOKUP(AN45,$A$45:$I$48,2,FALSE) -> 9 | AP45: =VLOOKUP(AN45,$A$45:$I$48,9,FALSE) -> 5 | AQ45: =VLOOKUP(AN45,$A$45:$I$48,7,FALSE) -> 8
A46: Japão | B46: =SUM((D46*3))+E46 -> 6 | C46: =COUNT('Tabela Jogos'!G44,'Tabela Jogos'!G47,'Tabela Jogos'!E49) -> 3 | D46: =SUM(IF(('Tabela Jogos'!$G$44>'Tabela Jogos'!$E$44),COUNT('Tabela Jogos'!$G$44)),IF(('Tabela Jogos'!$G$47>'Tabela Jogos'!$E$47),COUNT('Tabela Jogos'!$G$47)),IF(('Tabela Jogos'!$E$49>'Tabela Jogos'!$G$49),COUNT('Tabela Jogos'!$E$49))) -> 2 | E46: =SUM(IF(('Tabela Jogos'!$G$44='Tabela Jogos'!$E$44),COUNT('Tabela Jogos'!$G$44)),IF(('Tabela Jogos'!$G$47='Tabela Jogos'!$E$47),COUNT('Tabela Jogos'!$G$47)),IF(('Tabela Jogos'!$E$49='Tabela Jogos'!$G$49),COUNT('Tabela Jogos'!$E$49))) -> 0 | F46: =SUM(IF(('Tabela Jogos'!$G$44<'Tabela Jogos'!$E$44),COUNT('Tabela Jogos'!$G$44)),IF(('Tabela Jogos'!$G$47<'Tabela Jogos'!$E$47),COUNT('Tabela Jogos'!$G$47)),IF(('Tabela Jogos'!$E$49<'Tabela Jogos'!$G$49),COUNT('Tabela Jogos'!$E$49))) -> 1 | G46: =SUM((('Tabela Jogos'!G44+'Tabela Jogos'!G47)+'Tabela Jogos'!E49)) -> 5 | H46: =SUM((('Tabela Jogos'!E44+'Tabela Jogos'!E47)+'Tabela Jogos'!G49)) -> 5 | I46: =SUM((G46-H46)) -> 0 | K46: =IF((B46<=B45),A46,A45) -> Japão | L46: =VLOOKUP(K46,$A$45:$I$48,2,FALSE) -> 6 | N46: =IF((L46>=L48),K46,K48) -> Japão | O46: =VLOOKUP(N46,$A$45:$I$48,2,FALSE) -> 6 | Q46: =IF((O46>=O47),N46,N47) -> Japão | R46: =VLOOKUP(Q46,$A$45:$I$48,2,FALSE) -> 6 | S46: =VLOOKUP(Q46,$A$45:$I$48,9,FALSE) -> 0 | U46: =IF(AND((R45=R46),(S46>S45)),Q45,Q46) -> Japão | V46: =VLOOKUP(U46,$A$45:$I$48,2,FALSE) -> 6 | W46: =VLOOKUP(U46,$A$45:$I$48,9,FALSE) -> 0 | X46: =IF(AND((V46=V48),(W48>W46)),U48,U46) -> Japão | Y46: =VLOOKUP(X46,$A$45:$I$48,2,FALSE) -> 6 | Z46: =VLOOKUP(X46,$A$45:$I$48,9,FALSE) -> 0 | AB46: =IF(AND((Y46=Y47),(Z47>Z46)),X47,X46) -> Japão | AC46: =VLOOKUP(AB46,$A$45:$I$48,2,FALSE) -> 6 | AD46: =VLOOKUP(AB46,$A$45:$I$48,9,FALSE) -> 0 | AE46: =VLOOKUP(AB46,$A$45:$I$48,7,FALSE) -> 5 | AF46: =IF(AND((AC46=AC45),(AD46=AD45),(AE46>AE45)),AB45,AB46) -> Japão | AG46: =VLOOKUP(AF46,$A$45:$I$48,2,FALSE) -> 6 | AH46: =VLOOKUP(AF46,$A$45:$I$48,9,FALSE) -> 0 | AI46: =VLOOKUP(AF46,$A$45:$I$48,7,FALSE) -> 5 | AJ46: =IF(AND((AG46=AG48),(AH46=AH48),(AI48>AI46)),AF48,AF46) -> Japão | AK46: =VLOOKUP(AJ46,$A$45:$I$48,2,FALSE) -> 6 | AL46: =VLOOKUP(AJ46,$A$45:$I$48,9,FALSE) -> 0 | AM46: =VLOOKUP(AJ46,$A$45:$I$48,7,FALSE) -> 5 | AN46: =IF(AND((AK46=AK47),(AL46=AL47),(AM47>AM46)),AJ47,AJ46) -> Japão | AO46: =VLOOKUP(AN46,$A$45:$I$48,2,FALSE) -> 6 | AP46: =VLOOKUP(AN46,$A$45:$I$48,9,FALSE) -> 0 | AQ46: =VLOOKUP(AN46,$A$45:$I$48,7,FALSE) -> 5
A47: Suécia | B47: =SUM((D47*3))+E47 -> 3 | C47: =COUNT('Tabela Jogos'!E45,'Tabela Jogos'!G46,'Tabela Jogos'!G49) -> 3 | D47: =SUM(IF(('Tabela Jogos'!$E$45>'Tabela Jogos'!$G$45),COUNT('Tabela Jogos'!$E$45)),IF(('Tabela Jogos'!$G$46>'Tabela Jogos'!$E$46),COUNT('Tabela Jogos'!$G$46)),IF(('Tabela Jogos'!$G$49>'Tabela Jogos'!$E$49),COUNT('Tabela Jogos'!$G$49))) -> 1 | E47: =SUM(IF(('Tabela Jogos'!$E$45='Tabela Jogos'!$G$45),COUNT('Tabela Jogos'!$E$45)),IF(('Tabela Jogos'!$G$46='Tabela Jogos'!$E$46),COUNT('Tabela Jogos'!$G$46)),IF(('Tabela Jogos'!$G$49='Tabela Jogos'!$E$49),COUNT('Tabela Jogos'!$G$49))) -> 0 | F47: =SUM(IF(('Tabela Jogos'!$E$45<'Tabela Jogos'!$G$45),COUNT('Tabela Jogos'!$E$45)),IF(('Tabela Jogos'!$G$46<'Tabela Jogos'!$E$46),COUNT('Tabela Jogos'!$G$46)),IF(('Tabela Jogos'!$G$49<'Tabela Jogos'!$E$49),COUNT('Tabela Jogos'!$G$49))) -> 2 | G47: =SUM((('Tabela Jogos'!E45+'Tabela Jogos'!G46)+'Tabela Jogos'!G49)) -> 4 | H47: =SUM((('Tabela Jogos'!G45+'Tabela Jogos'!E46)+'Tabela Jogos'!E49)) -> 5 | I47: =SUM((G47-H47)) -> -1 | K47: =IF((B47>=B48),A47,A48) -> Suécia | L47: =VLOOKUP(K47,$A$45:$I$48,2,FALSE) -> 3 | N47: =IF((L47<=L45),K47,K45) -> Suécia | O47: =VLOOKUP(N47,$A$45:$I$48,2,FALSE) -> 3 | Q47: =IF((O47<=O46),N47,N46) -> Suécia | R47: =VLOOKUP(Q47,$A$45:$I$48,2,FALSE) -> 3 | S47: =VLOOKUP(Q47,$A$45:$I$48,9,FALSE) -> -1 | U47: =IF(AND((R47=R48),(S48>S47)),Q48,Q47) -> Suécia | V47: =VLOOKUP(U47,$A$45:$I$48,2,FALSE) -> 3 | W47: =VLOOKUP(U47,$A$45:$I$48,9,FALSE) -> -1 | X47: =IF(AND((V45=V47),(W47>W45)),U45,U47) -> Suécia | Y47: =VLOOKUP(X47,$A$45:$I$48,2,FALSE) -> 3 | Z47: =VLOOKUP(X47,$A$45:$I$48,9,FALSE) -> -1 | AB47: =IF(AND((Y47=Y46),(Z47>Z46)),X46,X47) -> Suécia | AC47: =VLOOKUP(AB47,$A$45:$I$48,2,FALSE) -> 3 | AD47: =VLOOKUP(AB47,$A$45:$I$48,9,FALSE) -> -1 | AE47: =VLOOKUP(AB47,$A$45:$I$48,7,FALSE) -> 4 | AF47: =IF(AND((AC47=AC48),(AD47=AD48),(AE48>AE47)),AB48,AB47) -> Suécia | AG47: =VLOOKUP(AF47,$A$45:$I$48,2,FALSE) -> 3 | AH47: =VLOOKUP(AF47,$A$45:$I$48,9,FALSE) -> -1 | AI47: =VLOOKUP(AF47,$A$45:$I$48,7,FALSE) -> 4 | AJ47: =IF(AND((AG47=AG45),(AH47=AH45),(AI47>AI45)),AF45,AF47) -> Suécia | AK47: =VLOOKUP(AJ47,$A$45:$I$48,2,FALSE) -> 3 | AL47: =VLOOKUP(AJ47,$A$45:$I$48,9,FALSE) -> -1 | AM47: =VLOOKUP(AJ47,$A$45:$I$48,7,FALSE) -> 4 | AN47: =IF(AND((AK47=AK46),(AL47=AL46),(AM47>AM46)),AJ46,AJ47) -> Suécia | AO47: =VLOOKUP(AN47,$A$45:$I$48,2,FALSE) -> 3 | AP47: =VLOOKUP(AN47,$A$45:$I$48,9,FALSE) -> -1 | AQ47: =VLOOKUP(AN47,$A$45:$I$48,7,FALSE) -> 4
A48: Tunísia | B48: =SUM((D48*3))+E48 -> 0 | C48: =COUNT('Tabela Jogos'!G45,'Tabela Jogos'!E47,'Tabela Jogos'!E48) -> 3 | D48: =SUM(IF(('Tabela Jogos'!$G$45>'Tabela Jogos'!$E$45),COUNT('Tabela Jogos'!$G$45)),IF(('Tabela Jogos'!$E$47>'Tabela Jogos'!$G$47),COUNT('Tabela Jogos'!$E$47)),IF(('Tabela Jogos'!$E$48>'Tabela Jogos'!$G$48),COUNT('Tabela Jogos'!$E$48))) -> 0 | E48: =SUM(IF(('Tabela Jogos'!$G$45='Tabela Jogos'!$E$45),COUNT('Tabela Jogos'!$G$45)),IF(('Tabela Jogos'!$E$47='Tabela Jogos'!$G$47),COUNT('Tabela Jogos'!$E$47)),IF(('Tabela Jogos'!$E$48='Tabela Jogos'!$G$48),COUNT('Tabela Jogos'!$E$48))) -> 0 | F48: =SUM(IF(('Tabela Jogos'!$G$45<'Tabela Jogos'!$E$45),COUNT('Tabela Jogos'!$G$45)),IF(('Tabela Jogos'!$E$47<'Tabela Jogos'!$G$47),COUNT('Tabela Jogos'!$E$47)),IF(('Tabela Jogos'!$E$48<'Tabela Jogos'!$G$48),COUNT('Tabela Jogos'!$E$48))) -> 3 | G48: =SUM((('Tabela Jogos'!G45+'Tabela Jogos'!E47)+'Tabela Jogos'!E48)) -> 3 | H48: =SUM((('Tabela Jogos'!E45+'Tabela Jogos'!G47)+'Tabela Jogos'!G48)) -> 7 | I48: =SUM((G48-H48)) -> -4 | K48: =IF((B48<=B47),A48,A47) -> Tunísia | L48: =VLOOKUP(K48,$A$45:$I$48,2,FALSE) -> 0 | N48: =IF((L48<=L46),K48,K46) -> Tunísia | O48: =VLOOKUP(N48,$A$45:$I$48,2,FALSE) -> 0 | Q48: =IF((O48<=O45),N48,N45) -> Tunísia | R48: =VLOOKUP(Q48,$A$45:$I$48,2,FALSE) -> 0 | S48: =VLOOKUP(Q48,$A$45:$I$48,9,FALSE) -> -4 | U48: =IF(AND((R47=R48),(S48>S47)),Q47,Q48) -> Tunísia | V48: =VLOOKUP(U48,$A$45:$I$48,2,FALSE) -> 0 | W48: =VLOOKUP(U48,$A$45:$I$48,9,FALSE) -> -4 | X48: =IF(AND((V46=V48),(W48>W46)),U46,U48) -> Tunísia | Y48: =VLOOKUP(X48,$A$45:$I$48,2,FALSE) -> 0 | Z48: =VLOOKUP(X48,$A$45:$I$48,9,FALSE) -> -4 | AB48: =IF(AND((Y48=Y45),(Z48>Z45)),X45,X48) -> Tunísia | AC48: =VLOOKUP(AB48,$A$45:$I$48,2,FALSE) -> 0 | AD48: =VLOOKUP(AB48,$A$45:$I$48,9,FALSE) -> -4 | AE48: =VLOOKUP(AB48,$A$45:$I$48,7,FALSE) -> 3 | AF48: =IF(AND((AC48=AC47),(AD48=AD47),(AE48>AE47)),X47,X48) -> Tunísia | AG48: =VLOOKUP(AF48,$A$45:$I$48,2,FALSE) -> 0 | AH48: =VLOOKUP(AF48,$A$45:$I$48,9,FALSE) -> -4 | AI48: =VLOOKUP(AF48,$A$45:$I$48,7,FALSE) -> 3 | AJ48: =IF(AND((AG46=AG48),(AH46=AH48),(AI48>AI46)),AF46,AF48) -> Tunísia | AK48: =VLOOKUP(AJ48,$A$45:$I$48,2,FALSE) -> 0 | AL48: =VLOOKUP(AJ48,$A$45:$I$48,9,FALSE) -> -4 | AM48: =VLOOKUP(AJ48,$A$45:$I$48,7,FALSE) -> 3 | AN48: =IF(AND((AK48=AK45),(AL48=AL45),(AM48>AM45)),AJ45,AJ48) -> Tunísia | AO48: =VLOOKUP(AN48,$A$45:$I$48,2,FALSE) -> 0 | AP48: =VLOOKUP(AN48,$A$45:$I$48,9,FALSE) -> -4 | AQ48: =VLOOKUP(AN48,$A$45:$I$48,7,FALSE) -> 3
B51: Grupo G | K51: Pontos ganhos | N51: Pontos Ganhos | Q51: Saldo de gols | U51: Saldo de gols
A52: Seleção | B52: PT | C52: J | D52: V | E52: E | F52: D | G52: GP | H52: GC | I52: SG | L52: PT | O52: pt | R52: PT | S52: SG | V52: PT | W52: SG | Y52: PT | Z52: SG | AC52: PT | AD52: SG | AE52: GP | AG52: PT | AH52: SG | AI52: GP | AK52: PT | AL52: SG | AM52: GP | AO52: PT | AP52: SG | AQ52: GP
A53: Bélgica | B53: =SUM((D53*3))+E53 -> 9 | C53: =COUNT('Tabela Jogos'!E52,'Tabela Jogos'!E54,'Tabela Jogos'!G57) -> 3 | D53: =SUM(IF(('Tabela Jogos'!$E$52>'Tabela Jogos'!$G$52),COUNT('Tabela Jogos'!$E$52)),IF(('Tabela Jogos'!$E$54>'Tabela Jogos'!$G$54),COUNT('Tabela Jogos'!$E$54)),IF(('Tabela Jogos'!$G$57>'Tabela Jogos'!$E$57),COUNT('Tabela Jogos'!$G$57))) -> 3 | E53: =SUM(IF(('Tabela Jogos'!$E$52='Tabela Jogos'!$G$52),COUNT('Tabela Jogos'!$E$52)),IF(('Tabela Jogos'!$E$54='Tabela Jogos'!$G$54),COUNT('Tabela Jogos'!$E$54)),IF(('Tabela Jogos'!$G$57='Tabela Jogos'!$E$57),COUNT('Tabela Jogos'!$G$57))) -> 0 | F53: =SUM(IF(('Tabela Jogos'!$E$52<'Tabela Jogos'!$G$52),COUNT('Tabela Jogos'!$E$52)),IF(('Tabela Jogos'!$E$54<'Tabela Jogos'!$G$54),COUNT('Tabela Jogos'!$E$54)),IF(('Tabela Jogos'!$G$57<'Tabela Jogos'!$E$57),COUNT('Tabela Jogos'!$G$57))) -> 0 | G53: =SUM((('Tabela Jogos'!E52+'Tabela Jogos'!E54)+'Tabela Jogos'!G57)) -> 8 | H53: =SUM((('Tabela Jogos'!G52+'Tabela Jogos'!G54)+'Tabela Jogos'!E57)) -> 1 | I53: =SUM((G53-H53)) -> 7 | K53: =IF((B53>=B54),A53,A54) -> Bélgica | L53: =VLOOKUP(K53,$A$53:$I$56,2,FALSE) -> 9 | N53: =IF((L53>=L55),K53,K55) -> Bélgica | O53: =VLOOKUP(N53,$A$53:$I$56,2,FALSE) -> 9 | Q53: =IF((O53>=O56),N53,N56) -> Bélgica | R53: =VLOOKUP(Q53,$A$53:$I$56,2,FALSE) -> 9 | S53: =VLOOKUP(Q53,$A$53:$I$56,9,FALSE) -> 7 | U53: =IF(AND((R53=R54),(S54>S53)),Q54,Q53) -> Bélgica | V53: =VLOOKUP(U53,$A$53:$I$56,2,FALSE) -> 9 | W53: =VLOOKUP(U53,$A$53:$I$56,9,FALSE) -> 7 | X53: =IF(AND((V53=V55),(W55>W53)),U55,U53) -> Bélgica | Y53: =VLOOKUP(X53,$A$53:$I$56,2,FALSE) -> 9 | Z53: =VLOOKUP(X53,$A$53:$I$56,9,FALSE) -> 7 | AB53: =IF(AND((Y53=Y56),(Z56>Z53)),X56,X53) -> Bélgica | AC53: =VLOOKUP(AB53,$A$53:$I$56,2,FALSE) -> 9 | AD53: =VLOOKUP(AB53,$A$53:$I$56,9,FALSE) -> 7 | AE53: =VLOOKUP(AB53,$A$53:$I$56,7,FALSE) -> 8 | AF53: =IF(AND((AC53=AC54),(AD53=AD54),(AE54>AE53)),AB54,AB53) -> Bélgica | AG53: =VLOOKUP(AF53,$A$53:$I$56,2,FALSE) -> 9 | AH53: =VLOOKUP(AF53,$A$53:$I$56,9,FALSE) -> 7 | AI53: =VLOOKUP(AF53,$A$53:$I$56,7,FALSE) -> 8 | AJ53: =IF(AND((AG53=AG55),(AH53=AH55),(AI55>AI53)),AF55,AF53) -> Bélgica | AK53: =VLOOKUP(AJ53,$A$53:$I$56,2,FALSE) -> 9 | AL53: =VLOOKUP(AJ53,$A$53:$I$56,9,FALSE) -> 7 | AM53: =VLOOKUP(AJ53,$A$53:$I$56,7,FALSE) -> 8 | AN53: =IF(AND((AK53=AK56),(AL53=AL56),(AM56>AM53)),AJ56,AJ53) -> Bélgica | AO53: =VLOOKUP(AN53,$A$53:$I$56,2,FALSE) -> 9 | AP53: =VLOOKUP(AN53,$A$53:$I$56,9,FALSE) -> 7 | AQ53: =VLOOKUP(AN53,$A$53:$I$56,7,FALSE) -> 8
A54: Egito | B54: =SUM((D54*3))+E54 -> 4 | C54: =COUNT('Tabela Jogos'!G52,'Tabela Jogos'!G55,'Tabela Jogos'!E56) -> 3 | D54: =SUM(IF(('Tabela Jogos'!$G$52>'Tabela Jogos'!$E$52),COUNT('Tabela Jogos'!$G$52)),IF(('Tabela Jogos'!$G$55>'Tabela Jogos'!$E$55),COUNT('Tabela Jogos'!$G$55)),IF(('Tabela Jogos'!$E$56>'Tabela Jogos'!$G$56),COUNT('Tabela Jogos'!$E$56))) -> 1 | E54: =SUM(IF(('Tabela Jogos'!$G$52='Tabela Jogos'!$E$52),COUNT('Tabela Jogos'!$G$52)),IF(('Tabela Jogos'!$G$55='Tabela Jogos'!$E$55),COUNT('Tabela Jogos'!$G$55)),IF(('Tabela Jogos'!$E$56='Tabela Jogos'!$G$56),COUNT('Tabela Jogos'!$E$56))) -> 1 | F54: =SUM(IF(('Tabela Jogos'!$G$52<'Tabela Jogos'!$E$52),COUNT('Tabela Jogos'!$G$52)),IF(('Tabela Jogos'!$G$55<'Tabela Jogos'!$E$55),COUNT('Tabela Jogos'!$G$55)),IF(('Tabela Jogos'!$E$56<'Tabela Jogos'!$G$56),COUNT('Tabela Jogos'!$E$56))) -> 1 | G54: =SUM((('Tabela Jogos'!G52+'Tabela Jogos'!G55)+'Tabela Jogos'!E56)) -> 4 | H54: =SUM((('Tabela Jogos'!E52+'Tabela Jogos'!E55)+'Tabela Jogos'!G56)) -> 5 | I54: =SUM((G54-H54)) -> -1 | K54: =IF((B54<=B53),A54,A53) -> Egito | L54: =VLOOKUP(K54,$A$53:$I$56,2,FALSE) -> 4 | N54: =IF((L54>=L56),K54,K56) -> Egito | O54: =VLOOKUP(N54,$A$53:$I$56,2,FALSE) -> 4 | Q54: =IF((O54>=O55),N54,N55) -> Egito | R54: =VLOOKUP(Q54,$A$53:$I$56,2,FALSE) -> 4 | S54: =VLOOKUP(Q54,$A$53:$I$56,9,FALSE) -> -1 | U54: =IF(AND((R53=R54),(S54>S53)),Q53,Q54) -> Egito | V54: =VLOOKUP(U54,$A$53:$I$56,2,FALSE) -> 4 | W54: =VLOOKUP(U54,$A$53:$I$56,9,FALSE) -> -1 | X54: =IF(AND((V54=V56),(W56>W54)),U56,U54) -> Egito | Y54: =VLOOKUP(X54,$A$53:$I$56,2,FALSE) -> 4 | Z54: =VLOOKUP(X54,$A$53:$I$56,9,FALSE) -> -1 | AB54: =IF(AND((Y54=Y55),(Z55>Z54)),X55,X54) -> Irã | AC54: =VLOOKUP(AB54,$A$53:$I$56,2,FALSE) -> 4 | AD54: =VLOOKUP(AB54,$A$53:$I$56,9,FALSE) -> 1 | AE54: =VLOOKUP(AB54,$A$53:$I$56,7,FALSE) -> 5 | AF54: =IF(AND((AC54=AC53),(AD54=AD53),(AE54>AE53)),AB53,AB54) -> Irã | AG54: =VLOOKUP(AF54,$A$53:$I$56,2,FALSE) -> 4 | AH54: =VLOOKUP(AF54,$A$53:$I$56,9,FALSE) -> 1 | AI54: =VLOOKUP(AF54,$A$53:$I$56,7,FALSE) -> 5 | AJ54: =IF(AND((AG54=AG56),(AH54=AH56),(AI56>AI54)),AF56,AF54) -> Irã | AK54: =VLOOKUP(AJ54,$A$53:$I$56,2,FALSE) -> 4 | AL54: =VLOOKUP(AJ54,$A$53:$I$56,9,FALSE) -> 1 | AM54: =VLOOKUP(AJ54,$A$53:$I$56,7,FALSE) -> 5 | AN54: =IF(AND((AK54=AK55),(AL54=AL55),(AM55>AM54)),AJ55,AJ54) -> Irã | AO54: =VLOOKUP(AN54,$A$53:$I$56,2,FALSE) -> 4 | AP54: =VLOOKUP(AN54,$A$53:$I$56,9,FALSE) -> 1 | AQ54: =VLOOKUP(AN54,$A$53:$I$56,7,FALSE) -> 5
A55: Irã | B55: =SUM((D55*3))+E55 -> 4 | C55: =COUNT('Tabela Jogos'!E53,'Tabela Jogos'!G54,'Tabela Jogos'!G56) -> 3 | D55: =SUM(IF(('Tabela Jogos'!$E$53>'Tabela Jogos'!$G$53),COUNT('Tabela Jogos'!$E$53)),IF(('Tabela Jogos'!$G$54>'Tabela Jogos'!$E$54),COUNT('Tabela Jogos'!$G$54)),IF(('Tabela Jogos'!$G$56>'Tabela Jogos'!$E$56),COUNT('Tabela Jogos'!$G$56))) -> 1 | E55: =SUM(IF(('Tabela Jogos'!$E$53='Tabela Jogos'!$G$53),COUNT('Tabela Jogos'!$E$53)),IF(('Tabela Jogos'!$G$54='Tabela Jogos'!$E$54),COUNT('Tabela Jogos'!$G$54)),IF(('Tabela Jogos'!$G$56='Tabela Jogos'!$E$56),COUNT('Tabela Jogos'!$G$56))) -> 1 | F55: =SUM(IF(('Tabela Jogos'!$E$53<'Tabela Jogos'!$G$53),COUNT('Tabela Jogos'!$E$53)),IF(('Tabela Jogos'!$G$54<'Tabela Jogos'!$E$54),COUNT('Tabela Jogos'!$G$54)),IF(('Tabela Jogos'!$G$56<'Tabela Jogos'!$E$56),COUNT('Tabela Jogos'!$G$56))) -> 1 | G55: =SUM((('Tabela Jogos'!E53+'Tabela Jogos'!G54)+'Tabela Jogos'!G56)) -> 5 | H55: =SUM((('Tabela Jogos'!G53+'Tabela Jogos'!E54)+'Tabela Jogos'!E56)) -> 4 | I55: =SUM((G55-H55)) -> 1 | K55: =IF((B55>=B56),A55,A56) -> Irã | L55: =VLOOKUP(K55,$A$53:$I$56,2,FALSE) -> 4 | N55: =IF((L55<=L53),K55,K53) -> Irã | O55: =VLOOKUP(N55,$A$53:$I$56,2,FALSE) -> 4 | Q55: =IF((O55<=O54),N55,N54) -> Irã | R55: =VLOOKUP(Q55,$A$53:$I$56,2,FALSE) -> 4 | S55: =VLOOKUP(Q55,$A$53:$I$56,9,FALSE) -> 1 | U55: =IF(AND((R55=R56),(S56>S55)),Q56,Q55) -> Irã | V55: =VLOOKUP(U55,$A$53:$I$56,2,FALSE) -> 4 | W55: =VLOOKUP(U55,$A$53:$I$56,9,FALSE) -> 1 | X55: =IF(AND((V53=V55),(W55>W53)),U53,U55) -> Irã | Y55: =VLOOKUP(X55,$A$53:$I$56,2,FALSE) -> 4 | Z55: =VLOOKUP(X55,$A$53:$I$56,9,FALSE) -> 1 | AB55: =IF(AND((Y55=Y54),(Z55>Z54)),X54,X55) -> Egito | AC55: =VLOOKUP(AB55,$A$53:$I$56,2,FALSE) -> 4 | AD55: =VLOOKUP(AB55,$A$53:$I$56,9,FALSE) -> -1 | AE55: =VLOOKUP(AB55,$A$53:$I$56,7,FALSE) -> 4 | AF55: =IF(AND((AC55=AC56),(AD55=AD56),(AE56>AE55)),AB56,AB55) -> Egito | AG55: =VLOOKUP(AF55,$A$53:$I$56,2,FALSE) -> 4 | AH55: =VLOOKUP(AF55,$A$53:$I$56,9,FALSE) -> -1 | AI55: =VLOOKUP(AF55,$A$53:$I$56,7,FALSE) -> 4 | AJ55: =IF(AND((AG55=AG53),(AH55=AH53),(AI55>AI53)),AF53,AF55) -> Egito | AK55: =VLOOKUP(AJ55,$A$53:$I$56,2,FALSE) -> 4 | AL55: =VLOOKUP(AJ55,$A$53:$I$56,9,FALSE) -> -1 | AM55: =VLOOKUP(AJ55,$A$53:$I$56,7,FALSE) -> 4 | AN55: =IF(AND((AK55=AK54),(AL55=AL54),(AM55>AM54)),AJ54,AJ55) -> Egito | AO55: =VLOOKUP(AN55,$A$53:$I$56,2,FALSE) -> 4 | AP55: =VLOOKUP(AN55,$A$53:$I$56,9,FALSE) -> -1 | AQ55: =VLOOKUP(AN55,$A$53:$I$56,7,FALSE) -> 4
A56: Nova Zelândia | B56: =SUM((D56*3))+E56 -> 0 | C56: =COUNT('Tabela Jogos'!G53,'Tabela Jogos'!E55,'Tabela Jogos'!E57) -> 3 | D56: =SUM(IF(('Tabela Jogos'!$G$53>'Tabela Jogos'!$E$53),COUNT('Tabela Jogos'!$G$53)),IF(('Tabela Jogos'!$E$55>'Tabela Jogos'!$G$55),COUNT('Tabela Jogos'!$E$55)),IF(('Tabela Jogos'!$E$57>'Tabela Jogos'!$G$57),COUNT('Tabela Jogos'!$E$57))) -> 0 | E56: =SUM(IF(('Tabela Jogos'!$G$53='Tabela Jogos'!$E$53),COUNT('Tabela Jogos'!$G$53)),IF(('Tabela Jogos'!$E$55='Tabela Jogos'!$G$55),COUNT('Tabela Jogos'!$E$55)),IF(('Tabela Jogos'!$E$57='Tabela Jogos'!$G$57),COUNT('Tabela Jogos'!$E$57))) -> 0 | F56: =SUM(IF(('Tabela Jogos'!$G$53<'Tabela Jogos'!$E$53),COUNT('Tabela Jogos'!$G$53)),IF(('Tabela Jogos'!$E$55<'Tabela Jogos'!$G$55),COUNT('Tabela Jogos'!$E$55)),IF(('Tabela Jogos'!$E$57<'Tabela Jogos'!$G$57),COUNT('Tabela Jogos'!$E$57))) -> 3 | G56: =SUM((('Tabela Jogos'!G53+'Tabela Jogos'!E55)+'Tabela Jogos'!E57)) -> 2 | H56: =SUM((('Tabela Jogos'!E53+'Tabela Jogos'!G55)+'Tabela Jogos'!G57)) -> 9 | I56: =SUM((G56-H56)) -> -7 | K56: =IF((B56<=B55),A56,A55) -> Nova Zelândia | L56: =VLOOKUP(K56,$A$53:$I$56,2,FALSE) -> 0 | N56: =IF((L56<=L54),K56,K54) -> Nova Zelândia | O56: =VLOOKUP(N56,$A$53:$I$56,2,FALSE) -> 0 | Q56: =IF((O56<=O53),N56,N53) -> Nova Zelândia | R56: =VLOOKUP(Q56,$A$53:$I$56,2,FALSE) -> 0 | S56: =VLOOKUP(Q56,$A$53:$I$56,9,FALSE) -> -7 | U56: =IF(AND((R55=R56),(S56>S55)),Q55,Q56) -> Nova Zelândia | V56: =VLOOKUP(U56,$A$53:$I$56,2,FALSE) -> 0 | W56: =VLOOKUP(U56,$A$53:$I$56,9,FALSE) -> -7 | X56: =IF(AND((V54=V56),(W56>W54)),U54,U56) -> Nova Zelândia | Y56: =VLOOKUP(X56,$A$53:$I$56,2,FALSE) -> 0 | Z56: =VLOOKUP(X56,$A$53:$I$56,9,FALSE) -> -7 | AB56: =IF(AND((Y56=Y53),(Z56>Z53)),X53,X56) -> Nova Zelândia | AC56: =VLOOKUP(AB56,$A$53:$I$56,2,FALSE) -> 0 | AD56: =VLOOKUP(AB56,$A$53:$I$56,9,FALSE) -> -7 | AE56: =VLOOKUP(AB56,$A$53:$I$56,7,FALSE) -> 2 | AF56: =IF(AND((AC56=AC55),(AD56=AD55),(AE56>AE55)),X55,X56) -> Nova Zelândia | AG56: =VLOOKUP(AF56,$A$53:$I$56,2,FALSE) -> 0 | AH56: =VLOOKUP(AF56,$A$53:$I$56,9,FALSE) -> -7 | AI56: =VLOOKUP(AF56,$A$53:$I$56,7,FALSE) -> 2 | AJ56: =IF(AND((AG54=AG56),(AH54=AH56),(AI56>AI54)),AF54,AF56) -> Nova Zelândia | AK56: =VLOOKUP(AJ56,$A$53:$I$56,2,FALSE) -> 0 | AL56: =VLOOKUP(AJ56,$A$53:$I$56,9,FALSE) -> -7 | AM56: =VLOOKUP(AJ56,$A$53:$I$56,7,FALSE) -> 2 | AN56: =IF(AND((AK56=AK53),(AL56=AL53),(AM56>AM53)),AJ53,AJ56) -> Nova Zelândia | AO56: =VLOOKUP(AN56,$A$53:$I$56,2,FALSE) -> 0 | AP56: =VLOOKUP(AN56,$A$53:$I$56,9,FALSE) -> -7 | AQ56: =VLOOKUP(AN56,$A$53:$I$56,7,FALSE) -> 2
B59: Grupo H | K59: Pontos ganhos | N59: Pontos Ganhos | Q59: Saldo de gols | U59: Saldo de gols
A60: Seleção | B60: PT | C60: J | D60: V | E60: E | F60: D | G60: GP | H60: GC | I60: SG | L60: PT | O60: pt | R60: PT | S60: SG | V60: PT | W60: SG | Y60: PT | Z60: SG | AC60: PT | AD60: SG | AE60: GP | AG60: PT | AH60: SG | AI60: GP | AK60: PT | AL60: SG | AM60: GP | AO60: PT | AP60: SG | AQ60: GP
A61: Espanha | B61: =SUM((D61*3))+E61 -> 9 | C61: =COUNT('Tabela Jogos'!E60,'Tabela Jogos'!E62,'Tabela Jogos'!G65) -> 3 | D61: =SUM(IF(('Tabela Jogos'!$E$60>'Tabela Jogos'!$G$60),COUNT('Tabela Jogos'!$E$60)),IF(('Tabela Jogos'!$E$62>'Tabela Jogos'!$G$62),COUNT('Tabela Jogos'!$E$62)),IF(('Tabela Jogos'!$G$65>'Tabela Jogos'!$E$65),COUNT('Tabela Jogos'!$G$65))) -> 3 | E61: =SUM(IF(('Tabela Jogos'!$E$60='Tabela Jogos'!$G$60),COUNT('Tabela Jogos'!$E$60)),IF(('Tabela Jogos'!$E$62='Tabela Jogos'!$G$62),COUNT('Tabela Jogos'!$E$62)),IF(('Tabela Jogos'!$G$65='Tabela Jogos'!$E$65),COUNT('Tabela Jogos'!$G$65))) -> 0 | F61: =SUM(IF(('Tabela Jogos'!$E$60<'Tabela Jogos'!$G$60),COUNT('Tabela Jogos'!$E$60)),IF(('Tabela Jogos'!$E$62<'Tabela Jogos'!$G$62),COUNT('Tabela Jogos'!$E$62)),IF(('Tabela Jogos'!$G$65<'Tabela Jogos'!$E$65),COUNT('Tabela Jogos'!$G$65))) -> 0 | G61: =SUM((('Tabela Jogos'!E60+'Tabela Jogos'!E62)+'Tabela Jogos'!G65)) -> 10 | H61: =SUM((('Tabela Jogos'!G60+'Tabela Jogos'!G62)+'Tabela Jogos'!E65)) -> 1 | I61: =SUM((G61-H61)) -> 9 | K61: =IF((B61>=B62),A61,A62) -> Espanha | L61: =VLOOKUP(K61,$A$61:$I$64,2,FALSE) -> 9 | N61: =IF((L61>=L63),K61,K63) -> Espanha | O61: =VLOOKUP(N61,$A$61:$I$64,2,FALSE) -> 9 | Q61: =IF((O61>=O64),N61,N64) -> Espanha | R61: =VLOOKUP(Q61,$A$61:$I$64,2,FALSE) -> 9 | S61: =VLOOKUP(Q61,$A$61:$I$64,9,FALSE) -> 9 | U61: =IF(AND((R61=R62),(S62>S61)),Q62,Q61) -> Espanha | V61: =VLOOKUP(U61,$A$61:$I$64,2,FALSE) -> 9 | W61: =VLOOKUP(U61,$A$61:$I$64,9,FALSE) -> 9 | X61: =IF(AND((V61=V63),(W63>W61)),U63,U61) -> Espanha | Y61: =VLOOKUP(X61,$A$61:$I$64,2,FALSE) -> 9 | Z61: =VLOOKUP(X61,$A$61:$I$64,9,FALSE) -> 9 | AB61: =IF(AND((Y61=Y64),(Z64>Z61)),X64,X61) -> Espanha | AC61: =VLOOKUP(AB61,$A$61:$I$64,2,FALSE) -> 9 | AD61: =VLOOKUP(AB61,$A$61:$I$64,9,FALSE) -> 9 | AE61: =VLOOKUP(AB61,$A$61:$I$64,7,FALSE) -> 10 | AF61: =IF(AND((AC61=AC62),(AD61=AD62),(AE62>AE61)),AB62,AB61) -> Espanha | AG61: =VLOOKUP(AF61,$A$61:$I$64,2,FALSE) -> 9 | AH61: =VLOOKUP(AF61,$A$61:$I$64,9,FALSE) -> 9 | AI61: =VLOOKUP(AF61,$A$61:$I$64,7,FALSE) -> 10 | AJ61: =IF(AND((AG61=AG63),(AH61=AH63),(AI63>AI61)),AF63,AF61) -> Espanha | AK61: =VLOOKUP(AJ61,$A$61:$I$64,2,FALSE) -> 9 | AL61: =VLOOKUP(AJ61,$A$61:$I$64,9,FALSE) -> 9 | AM61: =VLOOKUP(AJ61,$A$61:$I$64,7,FALSE) -> 10 | AN61: =IF(AND((AK61=AK64),(AL61=AL64),(AM64>AM61)),AJ64,AJ61) -> Espanha | AO61: =VLOOKUP(AN61,$A$61:$I$64,2,FALSE) -> 9 | AP61: =VLOOKUP(AN61,$A$61:$I$64,9,FALSE) -> 9 | AQ61: =VLOOKUP(AN61,$A$61:$I$64,7,FALSE) -> 10
A62: Cabo Verde | B62: =SUM((D62*3))+E62 -> 0 | C62: =COUNT('Tabela Jogos'!G60,'Tabela Jogos'!G63,'Tabela Jogos'!E64) -> 3 | D62: =SUM(IF(('Tabela Jogos'!$G$60>'Tabela Jogos'!$E$60),COUNT('Tabela Jogos'!$G$60)),IF(('Tabela Jogos'!$G$63>'Tabela Jogos'!$E$63),COUNT('Tabela Jogos'!$G$63)),IF(('Tabela Jogos'!$E$64>'Tabela Jogos'!$G$64),COUNT('Tabela Jogos'!$E$64))) -> 0 | E62: =SUM(IF(('Tabela Jogos'!$G$60='Tabela Jogos'!$E$60),COUNT('Tabela Jogos'!$G$60)),IF(('Tabela Jogos'!$G$63='Tabela Jogos'!$E$63),COUNT('Tabela Jogos'!$G$63)),IF(('Tabela Jogos'!$E$64='Tabela Jogos'!$G$64),COUNT('Tabela Jogos'!$E$64))) -> 0 | F62: =SUM(IF(('Tabela Jogos'!$G$60<'Tabela Jogos'!$E$60),COUNT('Tabela Jogos'!$G$60)),IF(('Tabela Jogos'!$G$63<'Tabela Jogos'!$E$63),COUNT('Tabela Jogos'!$G$63)),IF(('Tabela Jogos'!$E$64<'Tabela Jogos'!$G$64),COUNT('Tabela Jogos'!$E$64))) -> 3 | G62: =SUM((('Tabela Jogos'!G60+'Tabela Jogos'!G63)+'Tabela Jogos'!E64)) -> 0 | H62: =SUM((('Tabela Jogos'!E60+'Tabela Jogos'!E63)+'Tabela Jogos'!G64)) -> 10 | I62: =SUM((G62-H62)) -> -10 | K62: =IF((B62<=B61),A62,A61) -> Cabo Verde | L62: =VLOOKUP(K62,$A$61:$I$64,2,FALSE) -> 0 | N62: =IF((L62>=L64),K62,K64) -> Arábia Saudita | O62: =VLOOKUP(N62,$A$61:$I$64,2,FALSE) -> 3 | Q62: =IF((O62>=O63),N62,N63) -> Uruguai | R62: =VLOOKUP(Q62,$A$61:$I$64,2,FALSE) -> 6 | S62: =VLOOKUP(Q62,$A$61:$I$64,9,FALSE) -> 2 | U62: =IF(AND((R61=R62),(S62>S61)),Q61,Q62) -> Uruguai | V62: =VLOOKUP(U62,$A$61:$I$64,2,FALSE) -> 6 | W62: =VLOOKUP(U62,$A$61:$I$64,9,FALSE) -> 2 | X62: =IF(AND((V62=V64),(W64>W62)),U64,U62) -> Uruguai | Y62: =VLOOKUP(X62,$A$61:$I$64,2,FALSE) -> 6 | Z62: =VLOOKUP(X62,$A$61:$I$64,9,FALSE) -> 2 | AB62: =IF(AND((Y62=Y63),(Z63>Z62)),X63,X62) -> Uruguai | AC62: =VLOOKUP(AB62,$A$61:$I$64,2,FALSE) -> 6 | AD62: =VLOOKUP(AB62,$A$61:$I$64,9,FALSE) -> 2 | AE62: =VLOOKUP(AB62,$A$61:$I$64,7,FALSE) -> 5 | AF62: =IF(AND((AC62=AC61),(AD62=AD61),(AE62>AE61)),AB61,AB62) -> Uruguai | AG62: =VLOOKUP(AF62,$A$61:$I$64,2,FALSE) -> 6 | AH62: =VLOOKUP(AF62,$A$61:$I$64,9,FALSE) -> 2 | AI62: =VLOOKUP(AF62,$A$61:$I$64,7,FALSE) -> 5 | AJ62: =IF(AND((AG62=AG64),(AH62=AH64),(AI64>AI62)),AF64,AF62) -> Uruguai | AK62: =VLOOKUP(AJ62,$A$61:$I$64,2,FALSE) -> 6 | AL62: =VLOOKUP(AJ62,$A$61:$I$64,9,FALSE) -> 2 | AM62: =VLOOKUP(AJ62,$A$61:$I$64,7,FALSE) -> 5 | AN62: =IF(AND((AK62=AK63),(AL62=AL63),(AM63>AM62)),AJ63,AJ62) -> Uruguai | AO62: =VLOOKUP(AN62,$A$61:$I$64,2,FALSE) -> 6 | AP62: =VLOOKUP(AN62,$A$61:$I$64,9,FALSE) -> 2 | AQ62: =VLOOKUP(AN62,$A$61:$I$64,7,FALSE) -> 5
A63: Arábia Saudita | B63: =SUM((D63*3))+E63 -> 3 | C63: =COUNT('Tabela Jogos'!E61,'Tabela Jogos'!G62,'Tabela Jogos'!G64) -> 3 | D63: =SUM(IF(('Tabela Jogos'!$E$61>'Tabela Jogos'!$G$61),COUNT('Tabela Jogos'!$E$61)),IF(('Tabela Jogos'!$G$62>'Tabela Jogos'!$E$62),COUNT('Tabela Jogos'!$G$62)),IF(('Tabela Jogos'!$G$64>'Tabela Jogos'!$E$64),COUNT('Tabela Jogos'!$G$64))) -> 1 | E63: =SUM(IF(('Tabela Jogos'!$E$61='Tabela Jogos'!$G$61),COUNT('Tabela Jogos'!$E$61)),IF(('Tabela Jogos'!$G$62='Tabela Jogos'!$E$62),COUNT('Tabela Jogos'!$G$62)),IF(('Tabela Jogos'!$G$64='Tabela Jogos'!$E$64),COUNT('Tabela Jogos'!$G$64))) -> 0 | F63: =SUM(IF(('Tabela Jogos'!$E$61<'Tabela Jogos'!$G$61),COUNT('Tabela Jogos'!$E$61)),IF(('Tabela Jogos'!$G$62<'Tabela Jogos'!$E$62),COUNT('Tabela Jogos'!$G$62)),IF(('Tabela Jogos'!$G$64<'Tabela Jogos'!$E$64),COUNT('Tabela Jogos'!$G$64))) -> 2 | G63: =SUM((('Tabela Jogos'!E61+'Tabela Jogos'!G62)+'Tabela Jogos'!G64)) -> 4 | H63: =SUM((('Tabela Jogos'!G61+'Tabela Jogos'!E62)+'Tabela Jogos'!E64)) -> 5 | I63: =SUM((G63-H63)) -> -1 | K63: =IF((B63>=B64),A63,A64) -> Uruguai | L63: =VLOOKUP(K63,$A$61:$I$64,2,FALSE) -> 6 | N63: =IF((L63<=L61),K63,K61) -> Uruguai | O63: =VLOOKUP(N63,$A$61:$I$64,2,FALSE) -> 6 | Q63: =IF((O63<=O62),N63,N62) -> Arábia Saudita | R63: =VLOOKUP(Q63,$A$61:$I$64,2,FALSE) -> 3 | S63: =VLOOKUP(Q63,$A$61:$I$64,9,FALSE) -> -1 | U63: =IF(AND((R63=R64),(S64>S63)),Q64,Q63) -> Arábia Saudita | V63: =VLOOKUP(U63,$A$61:$I$64,2,FALSE) -> 3 | W63: =VLOOKUP(U63,$A$61:$I$64,9,FALSE) -> -1 | X63: =IF(AND((V61=V63),(W63>W61)),U61,U63) -> Arábia Saudita | Y63: =VLOOKUP(X63,$A$61:$I$64,2,FALSE) -> 3 | Z63: =VLOOKUP(X63,$A$61:$I$64,9,FALSE) -> -1 | AB63: =IF(AND((Y63=Y62),(Z63>Z62)),X62,X63) -> Arábia Saudita | AC63: =VLOOKUP(AB63,$A$61:$I$64,2,FALSE) -> 3 | AD63: =VLOOKUP(AB63,$A$61:$I$64,9,FALSE) -> -1 | AE63: =VLOOKUP(AB63,$A$61:$I$64,7,FALSE) -> 4 | AF63: =IF(AND((AC63=AC64),(AD63=AD64),(AE64>AE63)),AB64,AB63) -> Arábia Saudita | AG63: =VLOOKUP(AF63,$A$61:$I$64,2,FALSE) -> 3 | AH63: =VLOOKUP(AF63,$A$61:$I$64,9,FALSE) -> -1 | AI63: =VLOOKUP(AF63,$A$61:$I$64,7,FALSE) -> 4 | AJ63: =IF(AND((AG63=AG61),(AH63=AH61),(AI63>AI61)),AF61,AF63) -> Arábia Saudita | AK63: =VLOOKUP(AJ63,$A$61:$I$64,2,FALSE) -> 3 | AL63: =VLOOKUP(AJ63,$A$61:$I$64,9,FALSE) -> -1 | AM63: =VLOOKUP(AJ63,$A$61:$I$64,7,FALSE) -> 4 | AN63: =IF(AND((AK63=AK62),(AL63=AL62),(AM63>AM62)),AJ62,AJ63) -> Arábia Saudita | AO63: =VLOOKUP(AN63,$A$61:$I$64,2,FALSE) -> 3 | AP63: =VLOOKUP(AN63,$A$61:$I$64,9,FALSE) -> -1 | AQ63: =VLOOKUP(AN63,$A$61:$I$64,7,FALSE) -> 4
A64: Uruguai | B64: =SUM((D64*3))+E64 -> 6 | C64: =COUNT('Tabela Jogos'!G61,'Tabela Jogos'!E63,'Tabela Jogos'!E65) -> 3 | D64: =SUM(IF(('Tabela Jogos'!$G$61>'Tabela Jogos'!$E$61),COUNT('Tabela Jogos'!$G$61)),IF(('Tabela Jogos'!$E$63>'Tabela Jogos'!$G$63),COUNT('Tabela Jogos'!$E$63)),IF(('Tabela Jogos'!$E$65>'Tabela Jogos'!$G$65),COUNT('Tabela Jogos'!$E$65))) -> 2 | E64: =SUM(IF(('Tabela Jogos'!$G$61='Tabela Jogos'!$E$61),COUNT('Tabela Jogos'!$G$61)),IF(('Tabela Jogos'!$E$63='Tabela Jogos'!$G$63),COUNT('Tabela Jogos'!$E$63)),IF(('Tabela Jogos'!$E$65='Tabela Jogos'!$G$65),COUNT('Tabela Jogos'!$E$65))) -> 0 | F64: =SUM(IF(('Tabela Jogos'!$G$61<'Tabela Jogos'!$E$61),COUNT('Tabela Jogos'!$G$61)),IF(('Tabela Jogos'!$E$63<'Tabela Jogos'!$G$63),COUNT('Tabela Jogos'!$E$63)),IF(('Tabela Jogos'!$E$65<'Tabela Jogos'!$G$65),COUNT('Tabela Jogos'!$E$65))) -> 1 | G64: =SUM((('Tabela Jogos'!G61+'Tabela Jogos'!E63)+'Tabela Jogos'!E65)) -> 5 | H64: =SUM((('Tabela Jogos'!E61+'Tabela Jogos'!G63)+'Tabela Jogos'!G65)) -> 3 | I64: =SUM((G64-H64)) -> 2 | K64: =IF((B64<=B63),A64,A63) -> Arábia Saudita | L64: =VLOOKUP(K64,$A$61:$I$64,2,FALSE) -> 3 | N64: =IF((L64<=L62),K64,K62) -> Cabo Verde | O64: =VLOOKUP(N64,$A$61:$I$64,2,FALSE) -> 0 | Q64: =IF((O64<=O61),N64,N61) -> Cabo Verde | R64: =VLOOKUP(Q64,$A$61:$I$64,2,FALSE) -> 0 | S64: =VLOOKUP(Q64,$A$61:$I$64,9,FALSE) -> -10 | U64: =IF(AND((R63=R64),(S64>S63)),Q63,Q64) -> Cabo Verde | V64: =VLOOKUP(U64,$A$61:$I$64,2,FALSE) -> 0 | W64: =VLOOKUP(U64,$A$61:$I$64,9,FALSE) -> -10 | X64: =IF(AND((V62=V64),(W64>W62)),U62,U64) -> Cabo Verde | Y64: =VLOOKUP(X64,$A$61:$I$64,2,FALSE) -> 0 | Z64: =VLOOKUP(X64,$A$61:$I$64,9,FALSE) -> -10 | AB64: =IF(AND((Y64=Y61),(Z64>Z61)),X61,X64) -> Cabo Verde | AC64: =VLOOKUP(AB64,$A$61:$I$64,2,FALSE) -> 0 | AD64: =VLOOKUP(AB64,$A$61:$I$64,9,FALSE) -> -10 | AE64: =VLOOKUP(AB64,$A$61:$I$64,7,FALSE) -> 0 | AF64: =IF(AND((AC64=AC63),(AD64=AD63),(AE64>AE63)),X63,X64) -> Cabo Verde | AG64: =VLOOKUP(AF64,$A$61:$I$64,2,FALSE) -> 0 | AH64: =VLOOKUP(AF64,$A$61:$I$64,9,FALSE) -> -10 | AI64: =VLOOKUP(AF64,$A$61:$I$64,7,FALSE) -> 0 | AJ64: =IF(AND((AG62=AG64),(AH62=AH64),(AI64>AI62)),AF62,AF64) -> Cabo Verde | AK64: =VLOOKUP(AJ64,$A$61:$I$64,2,FALSE) -> 0 | AL64: =VLOOKUP(AJ64,$A$61:$I$64,9,FALSE) -> -10 | AM64: =VLOOKUP(AJ64,$A$61:$I$64,7,FALSE) -> 0 | AN64: =IF(AND((AK64=AK61),(AL64=AL61),(AM64>AM61)),AJ61,AJ64) -> Cabo Verde | AO64: =VLOOKUP(AN64,$A$61:$I$64,2,FALSE) -> 0 | AP64: =VLOOKUP(AN64,$A$61:$I$64,9,FALSE) -> -10 | AQ64: =VLOOKUP(AN64,$A$61:$I$64,7,FALSE) -> 0
B67: Grupo I | K67: Pontos ganhos | N67: Pontos Ganhos | Q67: Saldo de gols | U67: Saldo de gols
A68: Seleção | B68: PT | C68: J | D68: V | E68: E | F68: D | G68: GP | H68: GC | I68: SG | L68: PT | O68: pt | R68: PT | S68: SG | V68: PT | W68: SG | Y68: PT | Z68: SG | AC68: PT | AD68: SG | AE68: GP | AG68: PT | AH68: SG | AI68: GP | AK68: PT | AL68: SG | AM68: GP | AO68: PT | AP68: SG | AQ68: GP
A69: França | B69: =SUM((D69*3))+E69 -> 9 | C69: =COUNT('Tabela Jogos'!E68,'Tabela Jogos'!E70,'Tabela Jogos'!G73) -> 3 | D69: =SUM(IF(('Tabela Jogos'!$E$68>'Tabela Jogos'!$G$68),COUNT('Tabela Jogos'!$E$68)),IF(('Tabela Jogos'!$E$70>'Tabela Jogos'!$G$70),COUNT('Tabela Jogos'!$E$70)),IF(('Tabela Jogos'!$G$73>'Tabela Jogos'!$E$73),COUNT('Tabela Jogos'!$G$73))) -> 3 | E69: =SUM(IF(('Tabela Jogos'!$E$68='Tabela Jogos'!$G$68),COUNT('Tabela Jogos'!$E$68)),IF(('Tabela Jogos'!$E$70='Tabela Jogos'!$G$70),COUNT('Tabela Jogos'!$E$70)),IF(('Tabela Jogos'!$G$73='Tabela Jogos'!$E$73),COUNT('Tabela Jogos'!$G$73))) -> 0 | F69: =SUM(IF(('Tabela Jogos'!$E$68<'Tabela Jogos'!$G$68),COUNT('Tabela Jogos'!$E$68)),IF(('Tabela Jogos'!$E$70<'Tabela Jogos'!$G$70),COUNT('Tabela Jogos'!$E$70)),IF(('Tabela Jogos'!$G$73<'Tabela Jogos'!$E$73),COUNT('Tabela Jogos'!$G$73))) -> 0 | G69: =SUM((('Tabela Jogos'!E68+'Tabela Jogos'!E70)+'Tabela Jogos'!G73)) -> 8 | H69: =SUM((('Tabela Jogos'!G68+'Tabela Jogos'!G70)+'Tabela Jogos'!E73)) -> 2 | I69: =SUM((G69-H69)) -> 6 | K69: =IF((B69>=B70),A69,A70) -> França | L69: =VLOOKUP(K69,$A$69:$I$72,2,FALSE) -> 9 | N69: =IF((L69>=L71),K69,K71) -> França | O69: =VLOOKUP(N69,$A$69:$I$72,2,FALSE) -> 9 | Q69: =IF((O69>=O72),N69,N72) -> França | R69: =VLOOKUP(Q69,$A$69:$I$72,2,FALSE) -> 9 | S69: =VLOOKUP(Q69,$A$69:$I$72,9,FALSE) -> 6 | U69: =IF(AND((R69=R70),(S70>S69)),Q70,Q69) -> França | V69: =VLOOKUP(U69,$A$69:$I$72,2,FALSE) -> 9 | W69: =VLOOKUP(U69,$A$69:$I$72,9,FALSE) -> 6 | X69: =IF(AND((V69=V71),(W71>W69)),U71,U69) -> França | Y69: =VLOOKUP(X69,$A$69:$I$72,2,FALSE) -> 9 | Z69: =VLOOKUP(X69,$A$69:$I$72,9,FALSE) -> 6 | AB69: =IF(AND((Y69=Y72),(Z72>Z69)),X72,X69) -> França | AC69: =VLOOKUP(AB69,$A$69:$I$72,2,FALSE) -> 9 | AD69: =VLOOKUP(AB69,$A$69:$I$72,9,FALSE) -> 6 | AE69: =VLOOKUP(AB69,$A$69:$I$72,7,FALSE) -> 8 | AF69: =IF(AND((AC69=AC70),(AD69=AD70),(AE70>AE69)),AB70,AB69) -> França | AG69: =VLOOKUP(AF69,$A$69:$I$72,2,FALSE) -> 9 | AH69: =VLOOKUP(AF69,$A$69:$I$72,9,FALSE) -> 6 | AI69: =VLOOKUP(AF69,$A$69:$I$72,7,FALSE) -> 8 | AJ69: =IF(AND((AG69=AG71),(AH69=AH71),(AI71>AI69)),AF71,AF69) -> França | AK69: =VLOOKUP(AJ69,$A$69:$I$72,2,FALSE) -> 9 | AL69: =VLOOKUP(AJ69,$A$69:$I$72,9,FALSE) -> 6 | AM69: =VLOOKUP(AJ69,$A$69:$I$72,7,FALSE) -> 8 | AN69: =IF(AND((AK69=AK72),(AL69=AL72),(AM72>AM69)),AJ72,AJ69) -> França | AO69: =VLOOKUP(AN69,$A$69:$I$72,2,FALSE) -> 9 | AP69: =VLOOKUP(AN69,$A$69:$I$72,9,FALSE) -> 6 | AQ69: =VLOOKUP(AN69,$A$69:$I$72,7,FALSE) -> 8
A70: Senegal | B70: =SUM((D70*3))+E70 -> 6 | C70: =COUNT('Tabela Jogos'!G68,'Tabela Jogos'!G71,'Tabela Jogos'!E72) -> 3 | D70: =SUM(IF(('Tabela Jogos'!$G$68>'Tabela Jogos'!$E$68),COUNT('Tabela Jogos'!$G$68)),IF(('Tabela Jogos'!$G$71>'Tabela Jogos'!$E$71),COUNT('Tabela Jogos'!$G$71)),IF(('Tabela Jogos'!$E$72>'Tabela Jogos'!$G$72),COUNT('Tabela Jogos'!$E$72))) -> 2 | E70: =SUM(IF(('Tabela Jogos'!$G$68='Tabela Jogos'!$E$68),COUNT('Tabela Jogos'!$G$68)),IF(('Tabela Jogos'!$G$71='Tabela Jogos'!$E$71),COUNT('Tabela Jogos'!$G$71)),IF(('Tabela Jogos'!$E$72='Tabela Jogos'!$G$72),COUNT('Tabela Jogos'!$E$72))) -> 0 | F70: =SUM(IF(('Tabela Jogos'!$G$68<'Tabela Jogos'!$E$68),COUNT('Tabela Jogos'!$G$68)),IF(('Tabela Jogos'!$G$71<'Tabela Jogos'!$E$71),COUNT('Tabela Jogos'!$G$71)),IF(('Tabela Jogos'!$E$72<'Tabela Jogos'!$G$72),COUNT('Tabela Jogos'!$E$72))) -> 1 | G70: =SUM((('Tabela Jogos'!G68+'Tabela Jogos'!G71)+'Tabela Jogos'!E72)) -> 6 | H70: =SUM((('Tabela Jogos'!E68+'Tabela Jogos'!E71)+'Tabela Jogos'!G72)) -> 4 | I70: =SUM((G70-H70)) -> 2 | K70: =IF((B70<=B69),A70,A69) -> Senegal | L70: =VLOOKUP(K70,$A$69:$I$72,2,FALSE) -> 6 | N70: =IF((L70>=L72),K70,K72) -> Senegal | O70: =VLOOKUP(N70,$A$69:$I$72,2,FALSE) -> 6 | Q70: =IF((O70>=O71),N70,N71) -> Senegal | R70: =VLOOKUP(Q70,$A$69:$I$72,2,FALSE) -> 6 | S70: =VLOOKUP(Q70,$A$69:$I$72,9,FALSE) -> 2 | U70: =IF(AND((R69=R70),(S70>S69)),Q69,Q70) -> Senegal | V70: =VLOOKUP(U70,$A$69:$I$72,2,FALSE) -> 6 | W70: =VLOOKUP(U70,$A$69:$I$72,9,FALSE) -> 2 | X70: =IF(AND((V70=V72),(W72>W70)),U72,U70) -> Senegal | Y70: =VLOOKUP(X70,$A$69:$I$72,2,FALSE) -> 6 | Z70: =VLOOKUP(X70,$A$69:$I$72,9,FALSE) -> 2 | AB70: =IF(AND((Y70=Y71),(Z71>Z70)),X71,X70) -> Senegal | AC70: =VLOOKUP(AB70,$A$69:$I$72,2,FALSE) -> 6 | AD70: =VLOOKUP(AB70,$A$69:$I$72,9,FALSE) -> 2 | AE70: =VLOOKUP(AB70,$A$69:$I$72,7,FALSE) -> 6 | AF70: =IF(AND((AC70=AC69),(AD70=AD69),(AE70>AE69)),AB69,AB70) -> Senegal | AG70: =VLOOKUP(AF70,$A$69:$I$72,2,FALSE) -> 6 | AH70: =VLOOKUP(AF70,$A$69:$I$72,9,FALSE) -> 2 | AI70: =VLOOKUP(AF70,$A$69:$I$72,7,FALSE) -> 6 | AJ70: =IF(AND((AG70=AG72),(AH70=AH72),(AI72>AI70)),AF72,AF70) -> Senegal | AK70: =VLOOKUP(AJ70,$A$69:$I$72,2,FALSE) -> 6 | AL70: =VLOOKUP(AJ70,$A$69:$I$72,9,FALSE) -> 2 | AM70: =VLOOKUP(AJ70,$A$69:$I$72,7,FALSE) -> 6 | AN70: =IF(AND((AK70=AK71),(AL70=AL71),(AM71>AM70)),AJ71,AJ70) -> Senegal | AO70: =VLOOKUP(AN70,$A$69:$I$72,2,FALSE) -> 6 | AP70: =VLOOKUP(AN70,$A$69:$I$72,9,FALSE) -> 2 | AQ70: =VLOOKUP(AN70,$A$69:$I$72,7,FALSE) -> 6
A71: Iraque | B71: =SUM((D71*3))+E71 -> 0 | C71: =COUNT('Tabela Jogos'!E69,'Tabela Jogos'!G70,'Tabela Jogos'!G72) -> 3 | D71: =SUM(IF(('Tabela Jogos'!$E$69>'Tabela Jogos'!$G$69),COUNT('Tabela Jogos'!$E$69)),IF(('Tabela Jogos'!$G$70>'Tabela Jogos'!$E$70),COUNT('Tabela Jogos'!$G$70)),IF(('Tabela Jogos'!$G$72>'Tabela Jogos'!$E$72),COUNT('Tabela Jogos'!$G$72))) -> 0 | E71: =SUM(IF(('Tabela Jogos'!$E$69='Tabela Jogos'!$G$69),COUNT('Tabela Jogos'!$E$69)),IF(('Tabela Jogos'!$G$70='Tabela Jogos'!$E$70),COUNT('Tabela Jogos'!$G$70)),IF(('Tabela Jogos'!$G$72='Tabela Jogos'!$E$72),COUNT('Tabela Jogos'!$G$72))) -> 0 | F71: =SUM(IF(('Tabela Jogos'!$E$69<'Tabela Jogos'!$G$69),COUNT('Tabela Jogos'!$E$69)),IF(('Tabela Jogos'!$G$70<'Tabela Jogos'!$E$70),COUNT('Tabela Jogos'!$G$70)),IF(('Tabela Jogos'!$G$72<'Tabela Jogos'!$E$72),COUNT('Tabela Jogos'!$G$72))) -> 3 | G71: =SUM((('Tabela Jogos'!E69+'Tabela Jogos'!G70)+'Tabela Jogos'!G72)) -> 1 | H71: =SUM((('Tabela Jogos'!G69+'Tabela Jogos'!E70)+'Tabela Jogos'!E72)) -> 9 | I71: =SUM((G71-H71)) -> -8 | K71: =IF((B71>=B72),A71,A72) -> Noruega | L71: =VLOOKUP(K71,$A$69:$I$72,2,FALSE) -> 3 | N71: =IF((L71<=L69),K71,K69) -> Noruega | O71: =VLOOKUP(N71,$A$69:$I$72,2,FALSE) -> 3 | Q71: =IF((O71<=O70),N71,N70) -> Noruega | R71: =VLOOKUP(Q71,$A$69:$I$72,2,FALSE) -> 3 | S71: =VLOOKUP(Q71,$A$69:$I$72,9,FALSE) -> 0 | U71: =IF(AND((R71=R72),(S72>S71)),Q72,Q71) -> Noruega | V71: =VLOOKUP(U71,$A$69:$I$72,2,FALSE) -> 3 | W71: =VLOOKUP(U71,$A$69:$I$72,9,FALSE) -> 0 | X71: =IF(AND((V69=V71),(W71>W69)),U69,U71) -> Noruega | Y71: =VLOOKUP(X71,$A$69:$I$72,2,FALSE) -> 3 | Z71: =VLOOKUP(X71,$A$69:$I$72,9,FALSE) -> 0 | AB71: =IF(AND((Y71=Y70),(Z71>Z70)),X70,X71) -> Noruega | AC71: =VLOOKUP(AB71,$A$69:$I$72,2,FALSE) -> 3 | AD71: =VLOOKUP(AB71,$A$69:$I$72,9,FALSE) -> 0 | AE71: =VLOOKUP(AB71,$A$69:$I$72,7,FALSE) -> 6 | AF71: =IF(AND((AC71=AC72),(AD71=AD72),(AE72>AE71)),AB72,AB71) -> Noruega | AG71: =VLOOKUP(AF71,$A$69:$I$72,2,FALSE) -> 3 | AH71: =VLOOKUP(AF71,$A$69:$I$72,9,FALSE) -> 0 | AI71: =VLOOKUP(AF71,$A$69:$I$72,7,FALSE) -> 6 | AJ71: =IF(AND((AG71=AG69),(AH71=AH69),(AI71>AI69)),AF69,AF71) -> Noruega | AK71: =VLOOKUP(AJ71,$A$69:$I$72,2,FALSE) -> 3 | AL71: =VLOOKUP(AJ71,$A$69:$I$72,9,FALSE) -> 0 | AM71: =VLOOKUP(AJ71,$A$69:$I$72,7,FALSE) -> 6 | AN71: =IF(AND((AK71=AK70),(AL71=AL70),(AM71>AM70)),AJ70,AJ71) -> Noruega | AO71: =VLOOKUP(AN71,$A$69:$I$72,2,FALSE) -> 3 | AP71: =VLOOKUP(AN71,$A$69:$I$72,9,FALSE) -> 0 | AQ71: =VLOOKUP(AN71,$A$69:$I$72,7,FALSE) -> 6
A72: Noruega | B72: =SUM((D72*3))+E72 -> 3 | C72: =COUNT('Tabela Jogos'!G69,'Tabela Jogos'!E71,'Tabela Jogos'!E73) -> 3 | D72: =SUM(IF(('Tabela Jogos'!$G$69>'Tabela Jogos'!$E$69),COUNT('Tabela Jogos'!$G$69)),IF(('Tabela Jogos'!$E$71>'Tabela Jogos'!$G$71),COUNT('Tabela Jogos'!$E$71)),IF(('Tabela Jogos'!$E$73>'Tabela Jogos'!$G$73),COUNT('Tabela Jogos'!$E$73))) -> 1 | E72: =SUM(IF(('Tabela Jogos'!$G$69='Tabela Jogos'!$E$69),COUNT('Tabela Jogos'!$G$69)),IF(('Tabela Jogos'!$E$71='Tabela Jogos'!$G$71),COUNT('Tabela Jogos'!$E$71)),IF(('Tabela Jogos'!$E$73='Tabela Jogos'!$G$73),COUNT('Tabela Jogos'!$E$73))) -> 0 | F72: =SUM(IF(('Tabela Jogos'!$G$69<'Tabela Jogos'!$E$69),COUNT('Tabela Jogos'!$G$69)),IF(('Tabela Jogos'!$E$71<'Tabela Jogos'!$G$71),COUNT('Tabela Jogos'!$E$71)),IF(('Tabela Jogos'!$E$73<'Tabela Jogos'!$G$73),COUNT('Tabela Jogos'!$E$73))) -> 2 | G72: =SUM((('Tabela Jogos'!G69+'Tabela Jogos'!E71)+'Tabela Jogos'!E73)) -> 6 | H72: =SUM((('Tabela Jogos'!E69+'Tabela Jogos'!G71)+'Tabela Jogos'!G73)) -> 6 | I72: =SUM((G72-H72)) -> 0 | K72: =IF((B72<=B71),A72,A71) -> Iraque | L72: =VLOOKUP(K72,$A$69:$I$72,2,FALSE) -> 0 | N72: =IF((L72<=L70),K72,K70) -> Iraque | O72: =VLOOKUP(N72,$A$69:$I$72,2,FALSE) -> 0 | Q72: =IF((O72<=O69),N72,N69) -> Iraque | R72: =VLOOKUP(Q72,$A$69:$I$72,2,FALSE) -> 0 | S72: =VLOOKUP(Q72,$A$69:$I$72,9,FALSE) -> -8 | U72: =IF(AND((R71=R72),(S72>S71)),Q71,Q72) -> Iraque | V72: =VLOOKUP(U72,$A$69:$I$72,2,FALSE) -> 0 | W72: =VLOOKUP(U72,$A$69:$I$72,9,FALSE) -> -8 | X72: =IF(AND((V70=V72),(W72>W70)),U70,U72) -> Iraque | Y72: =VLOOKUP(X72,$A$69:$I$72,2,FALSE) -> 0 | Z72: =VLOOKUP(X72,$A$69:$I$72,9,FALSE) -> -8 | AB72: =IF(AND((Y72=Y69),(Z72>Z69)),X69,X72) -> Iraque | AC72: =VLOOKUP(AB72,$A$69:$I$72,2,FALSE) -> 0 | AD72: =VLOOKUP(AB72,$A$69:$I$72,9,FALSE) -> -8 | AE72: =VLOOKUP(AB72,$A$69:$I$72,7,FALSE) -> 1 | AF72: =IF(AND((AC72=AC71),(AD72=AD71),(AE72>AE71)),X71,X72) -> Iraque | AG72: =VLOOKUP(AF72,$A$69:$I$72,2,FALSE) -> 0 | AH72: =VLOOKUP(AF72,$A$69:$I$72,9,FALSE) -> -8 | AI72: =VLOOKUP(AF72,$A$69:$I$72,7,FALSE) -> 1 | AJ72: =IF(AND((AG70=AG72),(AH70=AH72),(AI72>AI70)),AF70,AF72) -> Iraque | AK72: =VLOOKUP(AJ72,$A$69:$I$72,2,FALSE) -> 0 | AL72: =VLOOKUP(AJ72,$A$69:$I$72,9,FALSE) -> -8 | AM72: =VLOOKUP(AJ72,$A$69:$I$72,7,FALSE) -> 1 | AN72: =IF(AND((AK72=AK69),(AL72=AL69),(AM72>AM69)),AJ69,AJ72) -> Iraque | AO72: =VLOOKUP(AN72,$A$69:$I$72,2,FALSE) -> 0 | AP72: =VLOOKUP(AN72,$A$69:$I$72,9,FALSE) -> -8 | AQ72: =VLOOKUP(AN72,$A$69:$I$72,7,FALSE) -> 1
B75: Grupo J | K75: Pontos ganhos | N75: Pontos Ganhos | Q75: Saldo de gols | U75: Saldo de gols
A76: Seleção | B76: PT | C76: J | D76: V | E76: E | F76: D | G76: GP | H76: GC | I76: SG | L76: PT | O76: pt | R76: PT | S76: SG | V76: PT | W76: SG | Y76: PT | Z76: SG | AC76: PT | AD76: SG | AE76: GP | AG76: PT | AH76: SG | AI76: GP | AK76: PT | AL76: SG | AM76: GP | AO76: PT | AP76: SG | AQ76: GP
A77: Argentina | B77: =SUM((D77*3))+E77 -> 9 | C77: =COUNT('Tabela Jogos'!E76,'Tabela Jogos'!E78,'Tabela Jogos'!G80) -> 3 | D77: =SUM(IF(('Tabela Jogos'!$E$76>'Tabela Jogos'!$G$76),COUNT('Tabela Jogos'!$E$76)),IF(('Tabela Jogos'!$E$78>'Tabela Jogos'!$G$78),COUNT('Tabela Jogos'!$E$78)),IF(('Tabela Jogos'!$G$80>'Tabela Jogos'!$E$80),COUNT('Tabela Jogos'!$G$80))) -> 3 | E77: =SUM(IF(('Tabela Jogos'!$E$76='Tabela Jogos'!$G$76),COUNT('Tabela Jogos'!$E$76)),IF(('Tabela Jogos'!$E$78='Tabela Jogos'!$G$78),COUNT('Tabela Jogos'!$E$78)),IF(('Tabela Jogos'!$G$80='Tabela Jogos'!$E$80),COUNT('Tabela Jogos'!$G$80))) -> 0 | F77: =SUM(IF(('Tabela Jogos'!$E$76<'Tabela Jogos'!$G$76),COUNT('Tabela Jogos'!$E$76)),IF(('Tabela Jogos'!$E$78<'Tabela Jogos'!$G$78),COUNT('Tabela Jogos'!$E$78)),IF(('Tabela Jogos'!$G$80<'Tabela Jogos'!$E$80),COUNT('Tabela Jogos'!$G$80))) -> 0 | G77: =SUM((('Tabela Jogos'!E76+'Tabela Jogos'!E78)+'Tabela Jogos'!G80)) -> 5 | H77: =SUM((('Tabela Jogos'!G76+'Tabela Jogos'!G78)+'Tabela Jogos'!E80)) -> 1 | I77: =SUM((G77-H77)) -> 4 | K77: =IF((B77>=B78),A77,A78) -> Argentina | L77: =VLOOKUP(K77,$A$77:$I$80,2,FALSE) -> 9 | N77: =IF((L77>=L79),K77,K79) -> Argentina | O77: =VLOOKUP(N77,$A$77:$I$80,2,FALSE) -> 9 | Q77: =IF((O77>=O80),N77,N80) -> Argentina | R77: =VLOOKUP(Q77,$A$77:$I$80,2,FALSE) -> 9 | S77: =VLOOKUP(Q77,$A$77:$I$80,9,FALSE) -> 4 | U77: =IF(AND((R77=R78),(S78>S77)),Q78,Q77) -> Argentina | V77: =VLOOKUP(U77,$A$77:$I$80,2,FALSE) -> 9 | W77: =VLOOKUP(U77,$A$77:$I$80,9,FALSE) -> 4 | X77: =IF(AND((V77=V79),(W79>W77)),U79,U77) -> Argentina | Y77: =VLOOKUP(X77,$A$77:$I$80,2,FALSE) -> 9 | Z77: =VLOOKUP(X77,$A$77:$I$80,9,FALSE) -> 4 | AB77: =IF(AND((Y77=Y80),(Z80>Z77)),X80,X77) -> Argentina | AC77: =VLOOKUP(AB77,$A$77:$I$80,2,FALSE) -> 9 | AD77: =VLOOKUP(AB77,$A$77:$I$80,9,FALSE) -> 4 | AE77: =VLOOKUP(AB77,$A$77:$I$80,7,FALSE) -> 5 | AF77: =IF(AND((AC77=AC78),(AD77=AD78),(AE78>AE77)),AB78,AB77) -> Argentina | AG77: =VLOOKUP(AF77,$A$77:$I$80,2,FALSE) -> 9 | AH77: =VLOOKUP(AF77,$A$77:$I$80,9,FALSE) -> 4 | AI77: =VLOOKUP(AF77,$A$77:$I$80,7,FALSE) -> 5 | AJ77: =IF(AND((AG77=AG79),(AH77=AH79),(AI79>AI77)),AF79,AF77) -> Argentina | AK77: =VLOOKUP(AJ77,$A$77:$I$80,2,FALSE) -> 9 | AL77: =VLOOKUP(AJ77,$A$77:$I$80,9,FALSE) -> 4 | AM77: =VLOOKUP(AJ77,$A$77:$I$80,7,FALSE) -> 5 | AN77: =IF(AND((AK77=AK80),(AL77=AL80),(AM80>AM77)),AJ80,AJ77) -> Argentina | AO77: =VLOOKUP(AN77,$A$77:$I$80,2,FALSE) -> 9 | AP77: =VLOOKUP(AN77,$A$77:$I$80,9,FALSE) -> 4 | AQ77: =VLOOKUP(AN77,$A$77:$I$80,7,FALSE) -> 5
A78: Argélia | B78: =SUM((D78*3))+E78 -> 3 | C78: =COUNT('Tabela Jogos'!G76,'Tabela Jogos'!G79,'Tabela Jogos'!E81) -> 3 | D78: =SUM(IF(('Tabela Jogos'!$G$76>'Tabela Jogos'!$E$76),COUNT('Tabela Jogos'!$G$76)),IF(('Tabela Jogos'!$G$79>'Tabela Jogos'!$E$79),COUNT('Tabela Jogos'!$G$79)),IF(('Tabela Jogos'!$E$81>'Tabela Jogos'!$G$81),COUNT('Tabela Jogos'!$E$81))) -> 1 | E78: =SUM(IF(('Tabela Jogos'!$G$76='Tabela Jogos'!$E$76),COUNT('Tabela Jogos'!$G$76)),IF(('Tabela Jogos'!$G$79='Tabela Jogos'!$E$79),COUNT('Tabela Jogos'!$G$79)),IF(('Tabela Jogos'!$E$81='Tabela Jogos'!$G$81),COUNT('Tabela Jogos'!$E$81))) -> 0 | F78: =SUM(IF(('Tabela Jogos'!$G$76<'Tabela Jogos'!$E$76),COUNT('Tabela Jogos'!$G$76)),IF(('Tabela Jogos'!$G$79<'Tabela Jogos'!$E$79),COUNT('Tabela Jogos'!$G$79)),IF(('Tabela Jogos'!$E$81<'Tabela Jogos'!$G$81),COUNT('Tabela Jogos'!$E$81))) -> 2 | G78: =SUM((('Tabela Jogos'!G76+'Tabela Jogos'!G79)+'Tabela Jogos'!E81)) -> 4 | H78: =SUM((('Tabela Jogos'!E76+'Tabela Jogos'!E79)+'Tabela Jogos'!G81)) -> 4 | I78: =SUM((G78-H78)) -> 0 | K78: =IF((B78<=B77),A78,A77) -> Argélia | L78: =VLOOKUP(K78,$A$77:$I$80,2,FALSE) -> 3 | N78: =IF((L78>=L80),K78,K80) -> Argélia | O78: =VLOOKUP(N78,$A$77:$I$80,2,FALSE) -> 3 | Q78: =IF((O78>=O79),N78,N79) -> Áustria | R78: =VLOOKUP(Q78,$A$77:$I$80,2,FALSE) -> 6 | S78: =VLOOKUP(Q78,$A$77:$I$80,9,FALSE) -> 2 | U78: =IF(AND((R77=R78),(S78>S77)),Q77,Q78) -> Áustria | V78: =VLOOKUP(U78,$A$77:$I$80,2,FALSE) -> 6 | W78: =VLOOKUP(U78,$A$77:$I$80,9,FALSE) -> 2 | X78: =IF(AND((V78=V80),(W80>W78)),U80,U78) -> Áustria | Y78: =VLOOKUP(X78,$A$77:$I$80,2,FALSE) -> 6 | Z78: =VLOOKUP(X78,$A$77:$I$80,9,FALSE) -> 2 | AB78: =IF(AND((Y78=Y79),(Z79>Z78)),X79,X78) -> Áustria | AC78: =VLOOKUP(AB78,$A$77:$I$80,2,FALSE) -> 6 | AD78: =VLOOKUP(AB78,$A$77:$I$80,9,FALSE) -> 2 | AE78: =VLOOKUP(AB78,$A$77:$I$80,7,FALSE) -> 4 | AF78: =IF(AND((AC78=AC77),(AD78=AD77),(AE78>AE77)),AB77,AB78) -> Áustria | AG78: =VLOOKUP(AF78,$A$77:$I$80,2,FALSE) -> 6 | AH78: =VLOOKUP(AF78,$A$77:$I$80,9,FALSE) -> 2 | AI78: =VLOOKUP(AF78,$A$77:$I$80,7,FALSE) -> 4 | AJ78: =IF(AND((AG78=AG80),(AH78=AH80),(AI80>AI78)),AF80,AF78) -> Áustria | AK78: =VLOOKUP(AJ78,$A$77:$I$80,2,FALSE) -> 6 | AL78: =VLOOKUP(AJ78,$A$77:$I$80,9,FALSE) -> 2 | AM78: =VLOOKUP(AJ78,$A$77:$I$80,7,FALSE) -> 4 | AN78: =IF(AND((AK78=AK79),(AL78=AL79),(AM79>AM78)),AJ79,AJ78) -> Áustria | AO78: =VLOOKUP(AN78,$A$77:$I$80,2,FALSE) -> 6 | AP78: =VLOOKUP(AN78,$A$77:$I$80,9,FALSE) -> 2 | AQ78: =VLOOKUP(AN78,$A$77:$I$80,7,FALSE) -> 4
A79: Áustria | B79: =SUM((D79*3))+E79 -> 6 | C79: =COUNT('Tabela Jogos'!E77,'Tabela Jogos'!G78,'Tabela Jogos'!G81) -> 3 | D79: =SUM(IF(('Tabela Jogos'!$E$77>'Tabela Jogos'!$G$77),COUNT('Tabela Jogos'!$E$77)),IF(('Tabela Jogos'!$G$78>'Tabela Jogos'!$E$78),COUNT('Tabela Jogos'!$G$78)),IF(('Tabela Jogos'!$G$81>'Tabela Jogos'!$E$81),COUNT('Tabela Jogos'!$G$81))) -> 2 | E79: =SUM(IF(('Tabela Jogos'!$E$77='Tabela Jogos'!$G$77),COUNT('Tabela Jogos'!$E$77)),IF(('Tabela Jogos'!$G$78='Tabela Jogos'!$E$78),COUNT('Tabela Jogos'!$G$78)),IF(('Tabela Jogos'!$G$81='Tabela Jogos'!$E$81),COUNT('Tabela Jogos'!$G$81))) -> 0 | F79: =SUM(IF(('Tabela Jogos'!$E$77<'Tabela Jogos'!$G$77),COUNT('Tabela Jogos'!$E$77)),IF(('Tabela Jogos'!$G$78<'Tabela Jogos'!$E$78),COUNT('Tabela Jogos'!$G$78)),IF(('Tabela Jogos'!$G$81<'Tabela Jogos'!$E$81),COUNT('Tabela Jogos'!$G$81))) -> 1 | G79: =SUM((('Tabela Jogos'!E77+'Tabela Jogos'!G78)+'Tabela Jogos'!G81)) -> 4 | H79: =SUM((('Tabela Jogos'!G77+'Tabela Jogos'!E78)+'Tabela Jogos'!E81)) -> 2 | I79: =SUM((G79-H79)) -> 2 | K79: =IF((B79>=B80),A79,A80) -> Áustria | L79: =VLOOKUP(K79,$A$77:$I$80,2,FALSE) -> 6 | N79: =IF((L79<=L77),K79,K77) -> Áustria | O79: =VLOOKUP(N79,$A$77:$I$80,2,FALSE) -> 6 | Q79: =IF((O79<=O78),N79,N78) -> Argélia | R79: =VLOOKUP(Q79,$A$77:$I$80,2,FALSE) -> 3 | S79: =VLOOKUP(Q79,$A$77:$I$80,9,FALSE) -> 0 | U79: =IF(AND((R79=R80),(S80>S79)),Q80,Q79) -> Argélia | V79: =VLOOKUP(U79,$A$77:$I$80,2,FALSE) -> 3 | W79: =VLOOKUP(U79,$A$77:$I$80,9,FALSE) -> 0 | X79: =IF(AND((V77=V79),(W79>W77)),U77,U79) -> Argélia | Y79: =VLOOKUP(X79,$A$77:$I$80,2,FALSE) -> 3 | Z79: =VLOOKUP(X79,$A$77:$I$80,9,FALSE) -> 0 | AB79: =IF(AND((Y79=Y78),(Z79>Z78)),X78,X79) -> Argélia | AC79: =VLOOKUP(AB79,$A$77:$I$80,2,FALSE) -> 3 | AD79: =VLOOKUP(AB79,$A$77:$I$80,9,FALSE) -> 0 | AE79: =VLOOKUP(AB79,$A$77:$I$80,7,FALSE) -> 4 | AF79: =IF(AND((AC79=AC80),(AD79=AD80),(AE80>AE79)),AB80,AB79) -> Argélia | AG79: =VLOOKUP(AF79,$A$77:$I$80,2,FALSE) -> 3 | AH79: =VLOOKUP(AF79,$A$77:$I$80,9,FALSE) -> 0 | AI79: =VLOOKUP(AF79,$A$77:$I$80,7,FALSE) -> 4 | AJ79: =IF(AND((AG79=AG77),(AH79=AH77),(AI79>AI77)),AF77,AF79) -> Argélia | AK79: =VLOOKUP(AJ79,$A$77:$I$80,2,FALSE) -> 3 | AL79: =VLOOKUP(AJ79,$A$77:$I$80,9,FALSE) -> 0 | AM79: =VLOOKUP(AJ79,$A$77:$I$80,7,FALSE) -> 4 | AN79: =IF(AND((AK79=AK78),(AL79=AL78),(AM79>AM78)),AJ78,AJ79) -> Argélia | AO79: =VLOOKUP(AN79,$A$77:$I$80,2,FALSE) -> 3 | AP79: =VLOOKUP(AN79,$A$77:$I$80,9,FALSE) -> 0 | AQ79: =VLOOKUP(AN79,$A$77:$I$80,7,FALSE) -> 4
A80: Jordânia | B80: =SUM((D80*3))+E80 -> 0 | C80: =COUNT('Tabela Jogos'!G77,'Tabela Jogos'!E79,'Tabela Jogos'!E80) -> 3 | D80: =SUM(IF(('Tabela Jogos'!$G$77>'Tabela Jogos'!$E$77),COUNT('Tabela Jogos'!$G$77)),IF(('Tabela Jogos'!$E$79>'Tabela Jogos'!$G$79),COUNT('Tabela Jogos'!$E$79)),IF(('Tabela Jogos'!$E$80>'Tabela Jogos'!$G$80),COUNT('Tabela Jogos'!$E$80))) -> 0 | E80: =SUM(IF(('Tabela Jogos'!$G$77='Tabela Jogos'!$E$77),COUNT('Tabela Jogos'!$G$77)),IF(('Tabela Jogos'!$E$79='Tabela Jogos'!$G$79),COUNT('Tabela Jogos'!$E$79)),IF(('Tabela Jogos'!$E$80='Tabela Jogos'!$G$80),COUNT('Tabela Jogos'!$E$80))) -> 0 | F80: =SUM(IF(('Tabela Jogos'!$G$77<'Tabela Jogos'!$E$77),COUNT('Tabela Jogos'!$G$77)),IF(('Tabela Jogos'!$E$79<'Tabela Jogos'!$G$79),COUNT('Tabela Jogos'!$E$79)),IF(('Tabela Jogos'!$E$80<'Tabela Jogos'!$G$80),COUNT('Tabela Jogos'!$E$80))) -> 3 | G80: =SUM((('Tabela Jogos'!G77+'Tabela Jogos'!E79)+'Tabela Jogos'!E80)) -> 0 | H80: =SUM((('Tabela Jogos'!E77+'Tabela Jogos'!G79)+'Tabela Jogos'!G80)) -> 6 | I80: =SUM((G80-H80)) -> -6 | K80: =IF((B80<=B79),A80,A79) -> Jordânia | L80: =VLOOKUP(K80,$A$77:$I$80,2,FALSE) -> 0 | N80: =IF((L80<=L78),K80,K78) -> Jordânia | O80: =VLOOKUP(N80,$A$77:$I$80,2,FALSE) -> 0 | Q80: =IF((O80<=O77),N80,N77) -> Jordânia | R80: =VLOOKUP(Q80,$A$77:$I$80,2,FALSE) -> 0 | S80: =VLOOKUP(Q80,$A$77:$I$80,9,FALSE) -> -6 | U80: =IF(AND((R79=R80),(S80>S79)),Q79,Q80) -> Jordânia | V80: =VLOOKUP(U80,$A$77:$I$80,2,FALSE) -> 0 | W80: =VLOOKUP(U80,$A$77:$I$80,9,FALSE) -> -6 | X80: =IF(AND((V78=V80),(W80>W78)),U78,U80) -> Jordânia | Y80: =VLOOKUP(X80,$A$77:$I$80,2,FALSE) -> 0 | Z80: =VLOOKUP(X80,$A$77:$I$80,9,FALSE) -> -6 | AB80: =IF(AND((Y80=Y77),(Z80>Z77)),X77,X80) -> Jordânia | AC80: =VLOOKUP(AB80,$A$77:$I$80,2,FALSE) -> 0 | AD80: =VLOOKUP(AB80,$A$77:$I$80,9,FALSE) -> -6 | AE80: =VLOOKUP(AB80,$A$77:$I$80,7,FALSE) -> 0 | AF80: =IF(AND((AC80=AC79),(AD80=AD79),(AE80>AE79)),X79,X80) -> Jordânia | AG80: =VLOOKUP(AF80,$A$77:$I$80,2,FALSE) -> 0 | AH80: =VLOOKUP(AF80,$A$77:$I$80,9,FALSE) -> -6 | AI80: =VLOOKUP(AF80,$A$77:$I$80,7,FALSE) -> 0 | AJ80: =IF(AND((AG78=AG80),(AH78=AH80),(AI80>AI78)),AF78,AF80) -> Jordânia | AK80: =VLOOKUP(AJ80,$A$77:$I$80,2,FALSE) -> 0 | AL80: =VLOOKUP(AJ80,$A$77:$I$80,9,FALSE) -> -6 | AM80: =VLOOKUP(AJ80,$A$77:$I$80,7,FALSE) -> 0 | AN80: =IF(AND((AK80=AK77),(AL80=AL77),(AM80>AM77)),AJ77,AJ80) -> Jordânia | AO80: =VLOOKUP(AN80,$A$77:$I$80,2,FALSE) -> 0 | AP80: =VLOOKUP(AN80,$A$77:$I$80,9,FALSE) -> -6 | AQ80: =VLOOKUP(AN80,$A$77:$I$80,7,FALSE) -> 0
B83: Grupo K | K83: Pontos ganhos | N83: Pontos Ganhos | Q83: Saldo de gols | U83: Saldo de gols
A84: Seleção | B84: PT | C84: J | D84: V | E84: E | F84: D | G84: GP | H84: GC | I84: SG | L84: PT | O84: pt | R84: PT | S84: SG | V84: PT | W84: SG | Y84: PT | Z84: SG | AC84: PT | AD84: SG | AE84: GP | AG84: PT | AH84: SG | AI84: GP | AK84: PT | AL84: SG | AM84: GP | AO84: PT | AP84: SG | AQ84: GP
A85: Portugal | B85: =SUM((D85*3))+E85 -> 7 | C85: =COUNT('Tabela Jogos'!E84,'Tabela Jogos'!E86,'Tabela Jogos'!G89) -> 3 | D85: =SUM(IF(('Tabela Jogos'!$E$84>'Tabela Jogos'!$G$84),COUNT('Tabela Jogos'!$E$84)),IF(('Tabela Jogos'!$E$86>'Tabela Jogos'!$G$86),COUNT('Tabela Jogos'!$E$86)),IF(('Tabela Jogos'!$G$89>'Tabela Jogos'!$E$89),COUNT('Tabela Jogos'!$G$89))) -> 2 | E85: =SUM(IF(('Tabela Jogos'!$E$84='Tabela Jogos'!$G$84),COUNT('Tabela Jogos'!$E$84)),IF(('Tabela Jogos'!$E$86='Tabela Jogos'!$G$86),COUNT('Tabela Jogos'!$E$86)),IF(('Tabela Jogos'!$G$89='Tabela Jogos'!$E$89),COUNT('Tabela Jogos'!$G$89))) -> 1 | F85: =SUM(IF(('Tabela Jogos'!$E$84<'Tabela Jogos'!$G$84),COUNT('Tabela Jogos'!$E$84)),IF(('Tabela Jogos'!$E$86<'Tabela Jogos'!$G$86),COUNT('Tabela Jogos'!$E$86)),IF(('Tabela Jogos'!$G$89<'Tabela Jogos'!$E$89),COUNT('Tabela Jogos'!$G$89))) -> 0 | G85: =SUM((('Tabela Jogos'!E84+'Tabela Jogos'!E86)+'Tabela Jogos'!G89)) -> 8 | H85: =SUM((('Tabela Jogos'!G84+'Tabela Jogos'!G86)+'Tabela Jogos'!E89)) -> 1 | I85: =SUM((G85-H85)) -> 7 | K85: =IF((B85>=B86),A85,A86) -> Portugal | L85: =VLOOKUP(K85,$A$85:$I$88,2,FALSE) -> 7 | N85: =IF((L85>=L87),K85,K87) -> Portugal | O85: =VLOOKUP(N85,$A$85:$I$88,2,FALSE) -> 7 | Q85: =IF((O85>=O88),N85,N88) -> Portugal | R85: =VLOOKUP(Q85,$A$85:$I$88,2,FALSE) -> 7 | S85: =VLOOKUP(Q85,$A$85:$I$88,9,FALSE) -> 7 | U85: =IF(AND((R85=R86),(S86>S85)),Q86,Q85) -> Portugal | V85: =VLOOKUP(U85,$A$85:$I$88,2,FALSE) -> 7 | W85: =VLOOKUP(U85,$A$85:$I$88,9,FALSE) -> 7 | X85: =IF(AND((V85=V87),(W87>W85)),U87,U85) -> Portugal | Y85: =VLOOKUP(X85,$A$85:$I$88,2,FALSE) -> 7 | Z85: =VLOOKUP(X85,$A$85:$I$88,9,FALSE) -> 7 | AB85: =IF(AND((Y85=Y88),(Z88>Z85)),X88,X85) -> Portugal | AC85: =VLOOKUP(AB85,$A$85:$I$88,2,FALSE) -> 7 | AD85: =VLOOKUP(AB85,$A$85:$I$88,9,FALSE) -> 7 | AE85: =VLOOKUP(AB85,$A$85:$I$88,7,FALSE) -> 8 | AF85: =IF(AND((AC85=AC86),(AD85=AD86),(AE86>AE85)),AB86,AB85) -> Portugal | AG85: =VLOOKUP(AF85,$A$85:$I$88,2,FALSE) -> 7 | AH85: =VLOOKUP(AF85,$A$85:$I$88,9,FALSE) -> 7 | AI85: =VLOOKUP(AF85,$A$85:$I$88,7,FALSE) -> 8 | AJ85: =IF(AND((AG85=AG87),(AH85=AH87),(AI87>AI85)),AF87,AF85) -> Portugal | AK85: =VLOOKUP(AJ85,$A$85:$I$88,2,FALSE) -> 7 | AL85: =VLOOKUP(AJ85,$A$85:$I$88,9,FALSE) -> 7 | AM85: =VLOOKUP(AJ85,$A$85:$I$88,7,FALSE) -> 8 | AN85: =IF(AND((AK85=AK88),(AL85=AL88),(AM88>AM85)),AJ88,AJ85) -> Portugal | AO85: =VLOOKUP(AN85,$A$85:$I$88,2,FALSE) -> 7 | AP85: =VLOOKUP(AN85,$A$85:$I$88,9,FALSE) -> 7 | AQ85: =VLOOKUP(AN85,$A$85:$I$88,7,FALSE) -> 8
A86: RD Congo | B86: =SUM((D86*3))+E86 -> 3 | C86: =COUNT('Tabela Jogos'!G84,'Tabela Jogos'!G87,'Tabela Jogos'!E88) -> 3 | D86: =SUM(IF(('Tabela Jogos'!$G$84>'Tabela Jogos'!$E$84),COUNT('Tabela Jogos'!$G$84)),IF(('Tabela Jogos'!$G$87>'Tabela Jogos'!$E$87),COUNT('Tabela Jogos'!$G$87)),IF(('Tabela Jogos'!$E$88>'Tabela Jogos'!$G$88),COUNT('Tabela Jogos'!$E$88))) -> 1 | E86: =SUM(IF(('Tabela Jogos'!$G$84='Tabela Jogos'!$E$84),COUNT('Tabela Jogos'!$G$84)),IF(('Tabela Jogos'!$G$87='Tabela Jogos'!$E$87),COUNT('Tabela Jogos'!$G$87)),IF(('Tabela Jogos'!$E$88='Tabela Jogos'!$G$88),COUNT('Tabela Jogos'!$E$88))) -> 0 | F86: =SUM(IF(('Tabela Jogos'!$G$84<'Tabela Jogos'!$E$84),COUNT('Tabela Jogos'!$G$84)),IF(('Tabela Jogos'!$G$87<'Tabela Jogos'!$E$87),COUNT('Tabela Jogos'!$G$87)),IF(('Tabela Jogos'!$E$88<'Tabela Jogos'!$G$88),COUNT('Tabela Jogos'!$E$88))) -> 2 | G86: =SUM((('Tabela Jogos'!G84+'Tabela Jogos'!G87)+'Tabela Jogos'!E88)) -> 2 | H86: =SUM((('Tabela Jogos'!E84+'Tabela Jogos'!E87)+'Tabela Jogos'!G88)) -> 6 | I86: =SUM((G86-H86)) -> -4 | K86: =IF((B86<=B85),A86,A85) -> RD Congo | L86: =VLOOKUP(K86,$A$85:$I$88,2,FALSE) -> 3 | N86: =IF((L86>=L88),K86,K88) -> RD Congo | O86: =VLOOKUP(N86,$A$85:$I$88,2,FALSE) -> 3 | Q86: =IF((O86>=O87),N86,N87) -> Colômbia | R86: =VLOOKUP(Q86,$A$85:$I$88,2,FALSE) -> 7 | S86: =VLOOKUP(Q86,$A$85:$I$88,9,FALSE) -> 4 | U86: =IF(AND((R85=R86),(S86>S85)),Q85,Q86) -> Colômbia | V86: =VLOOKUP(U86,$A$85:$I$88,2,FALSE) -> 7 | W86: =VLOOKUP(U86,$A$85:$I$88,9,FALSE) -> 4 | X86: =IF(AND((V86=V88),(W88>W86)),U88,U86) -> Colômbia | Y86: =VLOOKUP(X86,$A$85:$I$88,2,FALSE) -> 7 | Z86: =VLOOKUP(X86,$A$85:$I$88,9,FALSE) -> 4 | AB86: =IF(AND((Y86=Y87),(Z87>Z86)),X87,X86) -> Colômbia | AC86: =VLOOKUP(AB86,$A$85:$I$88,2,FALSE) -> 7 | AD86: =VLOOKUP(AB86,$A$85:$I$88,9,FALSE) -> 4 | AE86: =VLOOKUP(AB86,$A$85:$I$88,7,FALSE) -> 6 | AF86: =IF(AND((AC86=AC85),(AD86=AD85),(AE86>AE85)),AB85,AB86) -> Colômbia | AG86: =VLOOKUP(AF86,$A$85:$I$88,2,FALSE) -> 7 | AH86: =VLOOKUP(AF86,$A$85:$I$88,9,FALSE) -> 4 | AI86: =VLOOKUP(AF86,$A$85:$I$88,7,FALSE) -> 6 | AJ86: =IF(AND((AG86=AG88),(AH86=AH88),(AI88>AI86)),AF88,AF86) -> Colômbia | AK86: =VLOOKUP(AJ86,$A$85:$I$88,2,FALSE) -> 7 | AL86: =VLOOKUP(AJ86,$A$85:$I$88,9,FALSE) -> 4 | AM86: =VLOOKUP(AJ86,$A$85:$I$88,7,FALSE) -> 6 | AN86: =IF(AND((AK86=AK87),(AL86=AL87),(AM87>AM86)),AJ87,AJ86) -> Colômbia | AO86: =VLOOKUP(AN86,$A$85:$I$88,2,FALSE) -> 7 | AP86: =VLOOKUP(AN86,$A$85:$I$88,9,FALSE) -> 4 | AQ86: =VLOOKUP(AN86,$A$85:$I$88,7,FALSE) -> 6
A87: Uzbequistão | B87: =SUM((D87*3))+E87 -> 0 | C87: =COUNT('Tabela Jogos'!E85,'Tabela Jogos'!G86,'Tabela Jogos'!G88) -> 3 | D87: =SUM(IF(('Tabela Jogos'!$E$85>'Tabela Jogos'!$G$85),COUNT('Tabela Jogos'!$E$85)),IF(('Tabela Jogos'!$G$86>'Tabela Jogos'!$E$86),COUNT('Tabela Jogos'!$G$86)),IF(('Tabela Jogos'!$G$88>'Tabela Jogos'!$E$88),COUNT('Tabela Jogos'!$G$88))) -> 0 | E87: =SUM(IF(('Tabela Jogos'!$E$85='Tabela Jogos'!$G$85),COUNT('Tabela Jogos'!$E$85)),IF(('Tabela Jogos'!$G$86='Tabela Jogos'!$E$86),COUNT('Tabela Jogos'!$G$86)),IF(('Tabela Jogos'!$G$88='Tabela Jogos'!$E$88),COUNT('Tabela Jogos'!$G$88))) -> 0 | F87: =SUM(IF(('Tabela Jogos'!$E$85<'Tabela Jogos'!$G$85),COUNT('Tabela Jogos'!$E$85)),IF(('Tabela Jogos'!$G$86<'Tabela Jogos'!$E$86),COUNT('Tabela Jogos'!$G$86)),IF(('Tabela Jogos'!$G$88<'Tabela Jogos'!$E$88),COUNT('Tabela Jogos'!$G$88))) -> 3 | G87: =SUM((('Tabela Jogos'!E85+'Tabela Jogos'!G86)+'Tabela Jogos'!G88)) -> 2 | H87: =SUM((('Tabela Jogos'!G85+'Tabela Jogos'!E86)+'Tabela Jogos'!E88)) -> 9 | I87: =SUM((G87-H87)) -> -7 | K87: =IF((B87>=B88),A87,A88) -> Colômbia | L87: =VLOOKUP(K87,$A$85:$I$88,2,FALSE) -> 7 | N87: =IF((L87<=L85),K87,K85) -> Colômbia | O87: =VLOOKUP(N87,$A$85:$I$88,2,FALSE) -> 7 | Q87: =IF((O87<=O86),N87,N86) -> RD Congo | R87: =VLOOKUP(Q87,$A$85:$I$88,2,FALSE) -> 3 | S87: =VLOOKUP(Q87,$A$85:$I$88,9,FALSE) -> -4 | U87: =IF(AND((R87=R88),(S88>S87)),Q88,Q87) -> RD Congo | V87: =VLOOKUP(U87,$A$85:$I$88,2,FALSE) -> 3 | W87: =VLOOKUP(U87,$A$85:$I$88,9,FALSE) -> -4 | X87: =IF(AND((V85=V87),(W87>W85)),U85,U87) -> RD Congo | Y87: =VLOOKUP(X87,$A$85:$I$88,2,FALSE) -> 3 | Z87: =VLOOKUP(X87,$A$85:$I$88,9,FALSE) -> -4 | AB87: =IF(AND((Y87=Y86),(Z87>Z86)),X86,X87) -> RD Congo | AC87: =VLOOKUP(AB87,$A$85:$I$88,2,FALSE) -> 3 | AD87: =VLOOKUP(AB87,$A$85:$I$88,9,FALSE) -> -4 | AE87: =VLOOKUP(AB87,$A$85:$I$88,7,FALSE) -> 2 | AF87: =IF(AND((AC87=AC88),(AD87=AD88),(AE88>AE87)),AB88,AB87) -> RD Congo | AG87: =VLOOKUP(AF87,$A$85:$I$88,2,FALSE) -> 3 | AH87: =VLOOKUP(AF87,$A$85:$I$88,9,FALSE) -> -4 | AI87: =VLOOKUP(AF87,$A$85:$I$88,7,FALSE) -> 2 | AJ87: =IF(AND((AG87=AG85),(AH87=AH85),(AI87>AI85)),AF85,AF87) -> RD Congo | AK87: =VLOOKUP(AJ87,$A$85:$I$88,2,FALSE) -> 3 | AL87: =VLOOKUP(AJ87,$A$85:$I$88,9,FALSE) -> -4 | AM87: =VLOOKUP(AJ87,$A$85:$I$88,7,FALSE) -> 2 | AN87: =IF(AND((AK87=AK86),(AL87=AL86),(AM87>AM86)),AJ86,AJ87) -> RD Congo | AO87: =VLOOKUP(AN87,$A$85:$I$88,2,FALSE) -> 3 | AP87: =VLOOKUP(AN87,$A$85:$I$88,9,FALSE) -> -4 | AQ87: =VLOOKUP(AN87,$A$85:$I$88,7,FALSE) -> 2
A88: Colômbia | B88: =SUM((D88*3))+E88 -> 7 | C88: =COUNT('Tabela Jogos'!G85,'Tabela Jogos'!E87,'Tabela Jogos'!E89) -> 3 | D88: =SUM(IF(('Tabela Jogos'!$G$85>'Tabela Jogos'!$E$85),COUNT('Tabela Jogos'!$G$85)),IF(('Tabela Jogos'!$E$87>'Tabela Jogos'!$G$87),COUNT('Tabela Jogos'!$E$87)),IF(('Tabela Jogos'!$E$89>'Tabela Jogos'!$G$89),COUNT('Tabela Jogos'!$E$89))) -> 2 | E88: =SUM(IF(('Tabela Jogos'!$G$85='Tabela Jogos'!$E$85),COUNT('Tabela Jogos'!$G$85)),IF(('Tabela Jogos'!$E$87='Tabela Jogos'!$G$87),COUNT('Tabela Jogos'!$E$87)),IF(('Tabela Jogos'!$E$89='Tabela Jogos'!$G$89),COUNT('Tabela Jogos'!$E$89))) -> 1 | F88: =SUM(IF(('Tabela Jogos'!$G$85<'Tabela Jogos'!$E$85),COUNT('Tabela Jogos'!$G$85)),IF(('Tabela Jogos'!$E$87<'Tabela Jogos'!$G$87),COUNT('Tabela Jogos'!$E$87)),IF(('Tabela Jogos'!$E$89<'Tabela Jogos'!$G$89),COUNT('Tabela Jogos'!$E$89))) -> 0 | G88: =SUM((('Tabela Jogos'!G85+'Tabela Jogos'!E87)+'Tabela Jogos'!E89)) -> 6 | H88: =SUM((('Tabela Jogos'!E85+'Tabela Jogos'!G87)+'Tabela Jogos'!G89)) -> 2 | I88: =SUM((G88-H88)) -> 4 | K88: =IF((B88<=B87),A88,A87) -> Uzbequistão | L88: =VLOOKUP(K88,$A$85:$I$88,2,FALSE) -> 0 | N88: =IF((L88<=L86),K88,K86) -> Uzbequistão | O88: =VLOOKUP(N88,$A$85:$I$88,2,FALSE) -> 0 | Q88: =IF((O88<=O85),N88,N85) -> Uzbequistão | R88: =VLOOKUP(Q88,$A$85:$I$88,2,FALSE) -> 0 | S88: =VLOOKUP(Q88,$A$85:$I$88,9,FALSE) -> -7 | U88: =IF(AND((R87=R88),(S88>S87)),Q87,Q88) -> Uzbequistão | V88: =VLOOKUP(U88,$A$85:$I$88,2,FALSE) -> 0 | W88: =VLOOKUP(U88,$A$85:$I$88,9,FALSE) -> -7 | X88: =IF(AND((V86=V88),(W88>W86)),U86,U88) -> Uzbequistão | Y88: =VLOOKUP(X88,$A$85:$I$88,2,FALSE) -> 0 | Z88: =VLOOKUP(X88,$A$85:$I$88,9,FALSE) -> -7 | AB88: =IF(AND((Y88=Y85),(Z88>Z85)),X85,X88) -> Uzbequistão | AC88: =VLOOKUP(AB88,$A$85:$I$88,2,FALSE) -> 0 | AD88: =VLOOKUP(AB88,$A$85:$I$88,9,FALSE) -> -7 | AE88: =VLOOKUP(AB88,$A$85:$I$88,7,FALSE) -> 2 | AF88: =IF(AND((AC88=AC87),(AD88=AD87),(AE88>AE87)),X87,X88) -> Uzbequistão | AG88: =VLOOKUP(AF88,$A$85:$I$88,2,FALSE) -> 0 | AH88: =VLOOKUP(AF88,$A$85:$I$88,9,FALSE) -> -7 | AI88: =VLOOKUP(AF88,$A$85:$I$88,7,FALSE) -> 2 | AJ88: =IF(AND((AG86=AG88),(AH86=AH88),(AI88>AI86)),AF86,AF88) -> Uzbequistão | AK88: =VLOOKUP(AJ88,$A$85:$I$88,2,FALSE) -> 0 | AL88: =VLOOKUP(AJ88,$A$85:$I$88,9,FALSE) -> -7 | AM88: =VLOOKUP(AJ88,$A$85:$I$88,7,FALSE) -> 2 | AN88: =IF(AND((AK88=AK85),(AL88=AL85),(AM88>AM85)),AJ85,AJ88) -> Uzbequistão | AO88: =VLOOKUP(AN88,$A$85:$I$88,2,FALSE) -> 0 | AP88: =VLOOKUP(AN88,$A$85:$I$88,9,FALSE) -> -7 | AQ88: =VLOOKUP(AN88,$A$85:$I$88,7,FALSE) -> 2
B91: Grupo L | K91: Pontos ganhos | N91: Pontos Ganhos | Q91: Saldo de gols | U91: Saldo de gols
A92: Seleção | B92: PT | C92: J | D92: V | E92: E | F92: D | G92: GP | H92: GC | I92: SG | L92: PT | O92: pt | R92: PT | S92: SG | V92: PT | W92: SG | Y92: PT | Z92: SG | AC92: PT | AD92: SG | AE92: GP | AG92: PT | AH92: SG | AI92: GP | AK92: PT | AL92: SG | AM92: GP | AO92: PT | AP92: SG | AQ92: GP
A93: Inglaterra | B93: =SUM((D93*3))+E93 -> 9 | C93: =COUNT('Tabela Jogos'!E92,'Tabela Jogos'!E94,'Tabela Jogos'!G97) -> 3 | D93: =SUM(IF(('Tabela Jogos'!$E$92>'Tabela Jogos'!$G$92),COUNT('Tabela Jogos'!$E$92)),IF(('Tabela Jogos'!$E$94>'Tabela Jogos'!$G$94),COUNT('Tabela Jogos'!$E$94)),IF(('Tabela Jogos'!$G$97>'Tabela Jogos'!$E$97),COUNT('Tabela Jogos'!$G$97))) -> 3 | E93: =SUM(IF(('Tabela Jogos'!$E$92='Tabela Jogos'!$G$92),COUNT('Tabela Jogos'!$E$92)),IF(('Tabela Jogos'!$E$94='Tabela Jogos'!$G$94),COUNT('Tabela Jogos'!$E$94)),IF(('Tabela Jogos'!$G$97='Tabela Jogos'!$E$97),COUNT('Tabela Jogos'!$G$97))) -> 0 | F93: =SUM(IF(('Tabela Jogos'!$E$92<'Tabela Jogos'!$G$92),COUNT('Tabela Jogos'!$E$92)),IF(('Tabela Jogos'!$E$94<'Tabela Jogos'!$G$94),COUNT('Tabela Jogos'!$E$94)),IF(('Tabela Jogos'!$G$97<'Tabela Jogos'!$E$97),COUNT('Tabela Jogos'!$G$97))) -> 0 | G93: =SUM((('Tabela Jogos'!E92+'Tabela Jogos'!E94)+'Tabela Jogos'!G97)) -> 10 | H93: =SUM((('Tabela Jogos'!G92+'Tabela Jogos'!G94)+'Tabela Jogos'!E97)) -> 4 | I93: =SUM((G93-H93)) -> 6 | K93: =IF((B93>=B94),A93,A94) -> Inglaterra | L93: =VLOOKUP(K93,$A$93:$I$96,2,FALSE) -> 9 | N93: =IF((L93>=L95),K93,K95) -> Inglaterra | O93: =VLOOKUP(N93,$A$93:$I$96,2,FALSE) -> 9 | Q93: =IF((O93>=O96),N93,N96) -> Inglaterra | R93: =VLOOKUP(Q93,$A$93:$I$96,2,FALSE) -> 9 | S93: =VLOOKUP(Q93,$A$93:$I$96,9,FALSE) -> 6 | U93: =IF(AND((R93=R94),(S94>S93)),Q94,Q93) -> Inglaterra | V93: =VLOOKUP(U93,$A$93:$I$96,2,FALSE) -> 9 | W93: =VLOOKUP(U93,$A$93:$I$96,9,FALSE) -> 6 | X93: =IF(AND((V93=V95),(W95>W93)),U95,U93) -> Inglaterra | Y93: =VLOOKUP(X93,$A$93:$I$96,2,FALSE) -> 9 | Z93: =VLOOKUP(X93,$A$93:$I$96,9,FALSE) -> 6 | AB93: =IF(AND((Y93=Y96),(Z96>Z93)),X96,X93) -> Inglaterra | AC93: =VLOOKUP(AB93,$A$93:$I$96,2,FALSE) -> 9 | AD93: =VLOOKUP(AB93,$A$93:$I$96,9,FALSE) -> 6 | AE93: =VLOOKUP(AB93,$A$93:$I$96,7,FALSE) -> 10 | AF93: =IF(AND((AC93=AC94),(AD93=AD94),(AE94>AE93)),AB94,AB93) -> Inglaterra | AG93: =VLOOKUP(AF93,$A$93:$I$96,2,FALSE) -> 9 | AH93: =VLOOKUP(AF93,$A$93:$I$96,9,FALSE) -> 6 | AI93: =VLOOKUP(AF93,$A$93:$I$96,7,FALSE) -> 10 | AJ93: =IF(AND((AG93=AG95),(AH93=AH95),(AI95>AI93)),AF95,AF93) -> Inglaterra | AK93: =VLOOKUP(AJ93,$A$93:$I$96,2,FALSE) -> 9 | AL93: =VLOOKUP(AJ93,$A$93:$I$96,9,FALSE) -> 6 | AM93: =VLOOKUP(AJ93,$A$93:$I$96,7,FALSE) -> 10 | AN93: =IF(AND((AK93=AK96),(AL93=AL96),(AM96>AM93)),AJ96,AJ93) -> Inglaterra | AO93: =VLOOKUP(AN93,$A$93:$I$96,2,FALSE) -> 9 | AP93: =VLOOKUP(AN93,$A$93:$I$96,9,FALSE) -> 6 | AQ93: =VLOOKUP(AN93,$A$93:$I$96,7,FALSE) -> 10
A94: Croácia | B94: =SUM((D94*3))+E94 -> 6 | C94: =COUNT('Tabela Jogos'!G92,'Tabela Jogos'!G95,'Tabela Jogos'!E96) -> 3 | D94: =SUM(IF(('Tabela Jogos'!$G$92>'Tabela Jogos'!$E$92),COUNT('Tabela Jogos'!$G$92)),IF(('Tabela Jogos'!$G$95>'Tabela Jogos'!$E$95),COUNT('Tabela Jogos'!$G$95)),IF(('Tabela Jogos'!$E$96>'Tabela Jogos'!$G$96),COUNT('Tabela Jogos'!$E$96))) -> 2 | E94: =SUM(IF(('Tabela Jogos'!$G$92='Tabela Jogos'!$E$92),COUNT('Tabela Jogos'!$G$92)),IF(('Tabela Jogos'!$G$95='Tabela Jogos'!$E$95),COUNT('Tabela Jogos'!$G$95)),IF(('Tabela Jogos'!$E$96='Tabela Jogos'!$G$96),COUNT('Tabela Jogos'!$E$96))) -> 0 | F94: =SUM(IF(('Tabela Jogos'!$G$92<'Tabela Jogos'!$E$92),COUNT('Tabela Jogos'!$G$92)),IF(('Tabela Jogos'!$G$95<'Tabela Jogos'!$E$95),COUNT('Tabela Jogos'!$G$95)),IF(('Tabela Jogos'!$E$96<'Tabela Jogos'!$G$96),COUNT('Tabela Jogos'!$E$96))) -> 1 | G94: =SUM((('Tabela Jogos'!G92+'Tabela Jogos'!G95)+'Tabela Jogos'!E96)) -> 5 | H94: =SUM((('Tabela Jogos'!E92+'Tabela Jogos'!E95)+'Tabela Jogos'!G96)) -> 3 | I94: =SUM((G94-H94)) -> 2 | K94: =IF((B94<=B93),A94,A93) -> Croácia | L94: =VLOOKUP(K94,$A$93:$I$96,2,FALSE) -> 6 | N94: =IF((L94>=L96),K94,K96) -> Croácia | O94: =VLOOKUP(N94,$A$93:$I$96,2,FALSE) -> 6 | Q94: =IF((O94>=O95),N94,N95) -> Croácia | R94: =VLOOKUP(Q94,$A$93:$I$96,2,FALSE) -> 6 | S94: =VLOOKUP(Q94,$A$93:$I$96,9,FALSE) -> 2 | U94: =IF(AND((R93=R94),(S94>S93)),Q93,Q94) -> Croácia | V94: =VLOOKUP(U94,$A$93:$I$96,2,FALSE) -> 6 | W94: =VLOOKUP(U94,$A$93:$I$96,9,FALSE) -> 2 | X94: =IF(AND((V94=V96),(W96>W94)),U96,U94) -> Croácia | Y94: =VLOOKUP(X94,$A$93:$I$96,2,FALSE) -> 6 | Z94: =VLOOKUP(X94,$A$93:$I$96,9,FALSE) -> 2 | AB94: =IF(AND((Y94=Y95),(Z95>Z94)),X95,X94) -> Croácia | AC94: =VLOOKUP(AB94,$A$93:$I$96,2,FALSE) -> 6 | AD94: =VLOOKUP(AB94,$A$93:$I$96,9,FALSE) -> 2 | AE94: =VLOOKUP(AB94,$A$93:$I$96,7,FALSE) -> 5 | AF94: =IF(AND((AC94=AC93),(AD94=AD93),(AE94>AE93)),AB93,AB94) -> Croácia | AG94: =VLOOKUP(AF94,$A$93:$I$96,2,FALSE) -> 6 | AH94: =VLOOKUP(AF94,$A$93:$I$96,9,FALSE) -> 2 | AI94: =VLOOKUP(AF94,$A$93:$I$96,7,FALSE) -> 5 | AJ94: =IF(AND((AG94=AG96),(AH94=AH96),(AI96>AI94)),AF96,AF94) -> Croácia | AK94: =VLOOKUP(AJ94,$A$93:$I$96,2,FALSE) -> 6 | AL94: =VLOOKUP(AJ94,$A$93:$I$96,9,FALSE) -> 2 | AM94: =VLOOKUP(AJ94,$A$93:$I$96,7,FALSE) -> 5 | AN94: =IF(AND((AK94=AK95),(AL94=AL95),(AM95>AM94)),AJ95,AJ94) -> Croácia | AO94: =VLOOKUP(AN94,$A$93:$I$96,2,FALSE) -> 6 | AP94: =VLOOKUP(AN94,$A$93:$I$96,9,FALSE) -> 2 | AQ94: =VLOOKUP(AN94,$A$93:$I$96,7,FALSE) -> 5
A95: Gana | B95: =SUM((D95*3))+E95 -> 3 | C95: =COUNT('Tabela Jogos'!E93,'Tabela Jogos'!G94,'Tabela Jogos'!G96) -> 3 | D95: =SUM(IF(('Tabela Jogos'!$E$93>'Tabela Jogos'!$G$93),COUNT('Tabela Jogos'!$E$93)),IF(('Tabela Jogos'!$G$94>'Tabela Jogos'!$E$94),COUNT('Tabela Jogos'!$G$94)),IF(('Tabela Jogos'!$G$96>'Tabela Jogos'!$E$96),COUNT('Tabela Jogos'!$G$96))) -> 1 | E95: =SUM(IF(('Tabela Jogos'!$E$93='Tabela Jogos'!$G$93),COUNT('Tabela Jogos'!$E$93)),IF(('Tabela Jogos'!$G$94='Tabela Jogos'!$E$94),COUNT('Tabela Jogos'!$G$94)),IF(('Tabela Jogos'!$G$96='Tabela Jogos'!$E$96),COUNT('Tabela Jogos'!$G$96))) -> 0 | F95: =SUM(IF(('Tabela Jogos'!$E$93<'Tabela Jogos'!$G$93),COUNT('Tabela Jogos'!$E$93)),IF(('Tabela Jogos'!$G$94<'Tabela Jogos'!$E$94),COUNT('Tabela Jogos'!$G$94)),IF(('Tabela Jogos'!$G$96<'Tabela Jogos'!$E$96),COUNT('Tabela Jogos'!$G$96))) -> 2 | G95: =SUM((('Tabela Jogos'!E93+'Tabela Jogos'!G94)+'Tabela Jogos'!G96)) -> 2 | H95: =SUM((('Tabela Jogos'!G93+'Tabela Jogos'!E94)+'Tabela Jogos'!E96)) -> 4 | I95: =SUM((G95-H95)) -> -2 | K95: =IF((B95>=B96),A95,A96) -> Gana | L95: =VLOOKUP(K95,$A$93:$I$96,2,FALSE) -> 3 | N95: =IF((L95<=L93),K95,K93) -> Gana | O95: =VLOOKUP(N95,$A$93:$I$96,2,FALSE) -> 3 | Q95: =IF((O95<=O94),N95,N94) -> Gana | R95: =VLOOKUP(Q95,$A$93:$I$96,2,FALSE) -> 3 | S95: =VLOOKUP(Q95,$A$93:$I$96,9,FALSE) -> -2 | U95: =IF(AND((R95=R96),(S96>S95)),Q96,Q95) -> Gana | V95: =VLOOKUP(U95,$A$93:$I$96,2,FALSE) -> 3 | W95: =VLOOKUP(U95,$A$93:$I$96,9,FALSE) -> -2 | X95: =IF(AND((V93=V95),(W95>W93)),U93,U95) -> Gana | Y95: =VLOOKUP(X95,$A$93:$I$96,2,FALSE) -> 3 | Z95: =VLOOKUP(X95,$A$93:$I$96,9,FALSE) -> -2 | AB95: =IF(AND((Y95=Y94),(Z95>Z94)),X94,X95) -> Gana | AC95: =VLOOKUP(AB95,$A$93:$I$96,2,FALSE) -> 3 | AD95: =VLOOKUP(AB95,$A$93:$I$96,9,FALSE) -> -2 | AE95: =VLOOKUP(AB95,$A$93:$I$96,7,FALSE) -> 2 | AF95: =IF(AND((AC95=AC96),(AD95=AD96),(AE96>AE95)),AB96,AB95) -> Gana | AG95: =VLOOKUP(AF95,$A$93:$I$96,2,FALSE) -> 3 | AH95: =VLOOKUP(AF95,$A$93:$I$96,9,FALSE) -> -2 | AI95: =VLOOKUP(AF95,$A$93:$I$96,7,FALSE) -> 2 | AJ95: =IF(AND((AG95=AG93),(AH95=AH93),(AI95>AI93)),AF93,AF95) -> Gana | AK95: =VLOOKUP(AJ95,$A$93:$I$96,2,FALSE) -> 3 | AL95: =VLOOKUP(AJ95,$A$93:$I$96,9,FALSE) -> -2 | AM95: =VLOOKUP(AJ95,$A$93:$I$96,7,FALSE) -> 2 | AN95: =IF(AND((AK95=AK94),(AL95=AL94),(AM95>AM94)),AJ94,AJ95) -> Gana | AO95: =VLOOKUP(AN95,$A$93:$I$96,2,FALSE) -> 3 | AP95: =VLOOKUP(AN95,$A$93:$I$96,9,FALSE) -> -2 | AQ95: =VLOOKUP(AN95,$A$93:$I$96,7,FALSE) -> 2
A96: Panamá | B96: =SUM((D96*3))+E96 -> 0 | C96: =COUNT('Tabela Jogos'!G93,'Tabela Jogos'!E95,'Tabela Jogos'!E97) -> 3 | D96: =SUM(IF(('Tabela Jogos'!$G$93>'Tabela Jogos'!$E$93),COUNT('Tabela Jogos'!$G$93)),IF(('Tabela Jogos'!$E$95>'Tabela Jogos'!$G$95),COUNT('Tabela Jogos'!$E$95)),IF(('Tabela Jogos'!$E$97>'Tabela Jogos'!$G$97),COUNT('Tabela Jogos'!$E$97))) -> 0 | E96: =SUM(IF(('Tabela Jogos'!$G$93='Tabela Jogos'!$E$93),COUNT('Tabela Jogos'!$G$93)),IF(('Tabela Jogos'!$E$95='Tabela Jogos'!$G$95),COUNT('Tabela Jogos'!$E$95)),IF(('Tabela Jogos'!$E$97='Tabela Jogos'!$G$97),COUNT('Tabela Jogos'!$E$97))) -> 0 | F96: =SUM(IF(('Tabela Jogos'!$G$93<'Tabela Jogos'!$E$93),COUNT('Tabela Jogos'!$G$93)),IF(('Tabela Jogos'!$E$95<'Tabela Jogos'!$G$95),COUNT('Tabela Jogos'!$E$95)),IF(('Tabela Jogos'!$E$97<'Tabela Jogos'!$G$97),COUNT('Tabela Jogos'!$E$97))) -> 3 | G96: =SUM((('Tabela Jogos'!G93+'Tabela Jogos'!E95)+'Tabela Jogos'!E97)) -> 3 | H96: =SUM((('Tabela Jogos'!E93+'Tabela Jogos'!G95)+'Tabela Jogos'!G97)) -> 9 | I96: =SUM((G96-H96)) -> -6 | K96: =IF((B96<=B95),A96,A95) -> Panamá | L96: =VLOOKUP(K96,$A$93:$I$96,2,FALSE) -> 0 | N96: =IF((L96<=L94),K96,K94) -> Panamá | O96: =VLOOKUP(N96,$A$93:$I$96,2,FALSE) -> 0 | Q96: =IF((O96<=O93),N96,N93) -> Panamá | R96: =VLOOKUP(Q96,$A$93:$I$96,2,FALSE) -> 0 | S96: =VLOOKUP(Q96,$A$93:$I$96,9,FALSE) -> -6 | U96: =IF(AND((R95=R96),(S96>S95)),Q95,Q96) -> Panamá | V96: =VLOOKUP(U96,$A$93:$I$96,2,FALSE) -> 0 | W96: =VLOOKUP(U96,$A$93:$I$96,9,FALSE) -> -6 | X96: =IF(AND((V94=V96),(W96>W94)),U94,U96) -> Panamá | Y96: =VLOOKUP(X96,$A$93:$I$96,2,FALSE) -> 0 | Z96: =VLOOKUP(X96,$A$93:$I$96,9,FALSE) -> -6 | AB96: =IF(AND((Y96=Y93),(Z96>Z93)),X93,X96) -> Panamá | AC96: =VLOOKUP(AB96,$A$93:$I$96,2,FALSE) -> 0 | AD96: =VLOOKUP(AB96,$A$93:$I$96,9,FALSE) -> -6 | AE96: =VLOOKUP(AB96,$A$93:$I$96,7,FALSE) -> 3 | AF96: =IF(AND((AC96=AC95),(AD96=AD95),(AE96>AE95)),X95,X96) -> Panamá | AG96: =VLOOKUP(AF96,$A$93:$I$96,2,FALSE) -> 0 | AH96: =VLOOKUP(AF96,$A$93:$I$96,9,FALSE) -> -6 | AI96: =VLOOKUP(AF96,$A$93:$I$96,7,FALSE) -> 3 | AJ96: =IF(AND((AG94=AG96),(AH94=AH96),(AI96>AI94)),AF94,AF96) -> Panamá | AK96: =VLOOKUP(AJ96,$A$93:$I$96,2,FALSE) -> 0 | AL96: =VLOOKUP(AJ96,$A$93:$I$96,9,FALSE) -> -6 | AM96: =VLOOKUP(AJ96,$A$93:$I$96,7,FALSE) -> 3 | AN96: =IF(AND((AK96=AK93),(AL96=AL93),(AM96>AM93)),AJ93,AJ96) -> Panamá | AO96: =VLOOKUP(AN96,$A$93:$I$96,2,FALSE) -> 0 | AP96: =VLOOKUP(AN96,$A$93:$I$96,9,FALSE) -> -6 | AQ96: =VLOOKUP(AN96,$A$93:$I$96,7,FALSE) -> 3
A99: Seleção | B99: PT | C99: J | D99: V | E99: E | F99: D | G99: GP | H99: GC | I99: SG
A100: ='Tabela Jogos'!L8 -> Coréia do Sul | B100: ='Tabela Jogos'!M8 -> 4 | C100: ='Tabela Jogos'!N8 -> 3 | D100: ='Tabela Jogos'!O8 -> 1 | E100: ='Tabela Jogos'!P8 -> 1 | F100: ='Tabela Jogos'!Q8 -> 1 | G100: ='Tabela Jogos'!R8 -> 2 | H100: ='Tabela Jogos'!S8 -> 3 | I100: ='Tabela Jogos'!T8 -> -1 | J100: A
A101: ='Tabela Jogos'!L16 -> Bósnia | B101: ='Tabela Jogos'!M16 -> 3 | C101: ='Tabela Jogos'!N16 -> 3 | D101: ='Tabela Jogos'!O16 -> 1 | E101: ='Tabela Jogos'!P16 -> 0 | F101: ='Tabela Jogos'!Q16 -> 2 | G101: ='Tabela Jogos'!R16 -> 3 | H101: ='Tabela Jogos'!S16 -> 4 | I101: ='Tabela Jogos'!T16 -> -1 | J101: B
A102: ='Tabela Jogos'!L24 -> Escócia | B102: ='Tabela Jogos'!M24 -> 3 | C102: ='Tabela Jogos'!N24 -> 3 | D102: ='Tabela Jogos'!O24 -> 1 | E102: ='Tabela Jogos'!P24 -> 0 | F102: ='Tabela Jogos'!Q24 -> 2 | G102: ='Tabela Jogos'!R24 -> 4 | H102: ='Tabela Jogos'!S24 -> 5 | I102: ='Tabela Jogos'!T24 -> -1 | J102: C
A103: ='Tabela Jogos'!L32 -> Paraguai | B103: ='Tabela Jogos'!M32 -> 4 | C103: ='Tabela Jogos'!N32 -> 3 | D103: ='Tabela Jogos'!O32 -> 1 | E103: ='Tabela Jogos'!P32 -> 1 | F103: ='Tabela Jogos'!Q32 -> 1 | G103: ='Tabela Jogos'!R32 -> 4 | H103: ='Tabela Jogos'!S32 -> 4 | I103: ='Tabela Jogos'!T32 -> 0 | J103: D
A104: ='Tabela Jogos'!L40 -> Costa do Marfim | B104: ='Tabela Jogos'!M40 -> 4 | C104: ='Tabela Jogos'!N40 -> 3 | D104: ='Tabela Jogos'!O40 -> 1 | E104: ='Tabela Jogos'!P40 -> 1 | F104: ='Tabela Jogos'!Q40 -> 1 | G104: ='Tabela Jogos'!R40 -> 6 | H104: ='Tabela Jogos'!S40 -> 4 | I104: ='Tabela Jogos'!T40 -> 2 | J104: E
A105: ='Tabela Jogos'!L48 -> Suécia | B105: ='Tabela Jogos'!M48 -> 3 | C105: ='Tabela Jogos'!N48 -> 3 | D105: ='Tabela Jogos'!O48 -> 1 | E105: ='Tabela Jogos'!P48 -> 0 | F105: ='Tabela Jogos'!Q48 -> 2 | G105: ='Tabela Jogos'!R48 -> 4 | H105: ='Tabela Jogos'!S48 -> 5 | I105: ='Tabela Jogos'!T48 -> -1 | J105: F
A106: ='Tabela Jogos'!L56 -> Egito | B106: ='Tabela Jogos'!M56 -> 4 | C106: ='Tabela Jogos'!N56 -> 3 | D106: ='Tabela Jogos'!O56 -> 1 | E106: ='Tabela Jogos'!P56 -> 1 | F106: ='Tabela Jogos'!Q56 -> 1 | G106: ='Tabela Jogos'!R56 -> 4 | H106: ='Tabela Jogos'!S56 -> 5 | I106: ='Tabela Jogos'!T56 -> -1 | J106: G
A107: ='Tabela Jogos'!L64 -> Arábia Saudita | B107: ='Tabela Jogos'!M64 -> 3 | C107: ='Tabela Jogos'!N64 -> 3 | D107: ='Tabela Jogos'!O64 -> 1 | E107: ='Tabela Jogos'!P64 -> 0 | F107: ='Tabela Jogos'!Q64 -> 2 | G107: ='Tabela Jogos'!R64 -> 4 | H107: ='Tabela Jogos'!S64 -> 5 | I107: ='Tabela Jogos'!T64 -> -1 | J107: H
A108: ='Tabela Jogos'!L72 -> Noruega | B108: ='Tabela Jogos'!M72 -> 3 | C108: ='Tabela Jogos'!N72 -> 3 | D108: ='Tabela Jogos'!O72 -> 1 | E108: ='Tabela Jogos'!P72 -> 0 | F108: ='Tabela Jogos'!Q72 -> 2 | G108: ='Tabela Jogos'!R72 -> 6 | H108: ='Tabela Jogos'!S72 -> 6 | I108: ='Tabela Jogos'!T72 -> 0 | J108: I
A109: ='Tabela Jogos'!L80 -> Argélia | B109: ='Tabela Jogos'!M80 -> 3 | C109: ='Tabela Jogos'!N80 -> 3 | D109: ='Tabela Jogos'!O80 -> 1 | E109: ='Tabela Jogos'!P80 -> 0 | F109: ='Tabela Jogos'!Q80 -> 2 | G109: ='Tabela Jogos'!R80 -> 4 | H109: ='Tabela Jogos'!S80 -> 4 | I109: ='Tabela Jogos'!T80 -> 0 | J109: J
A110: ='Tabela Jogos'!L88 -> RD Congo | B110: ='Tabela Jogos'!M88 -> 3 | C110: ='Tabela Jogos'!N88 -> 3 | D110: ='Tabela Jogos'!O88 -> 1 | E110: ='Tabela Jogos'!P88 -> 0 | F110: ='Tabela Jogos'!Q88 -> 2 | G110: ='Tabela Jogos'!R88 -> 2 | H110: ='Tabela Jogos'!S88 -> 6 | I110: ='Tabela Jogos'!T88 -> -4 | J110: K
A111: ='Tabela Jogos'!L96 -> Gana | B111: ='Tabela Jogos'!M96 -> 3 | C111: ='Tabela Jogos'!N96 -> 3 | D111: ='Tabela Jogos'!O96 -> 1 | E111: ='Tabela Jogos'!P96 -> 0 | F111: ='Tabela Jogos'!Q96 -> 2 | G111: ='Tabela Jogos'!R96 -> 2 | H111: ='Tabela Jogos'!S96 -> 4 | I111: ='Tabela Jogos'!T96 -> -2 | J111: L
A113: Seleção | B113: PT | C113: J | D113: V | E113: E | F113: D | G113: GP | H113: GC | I113: SG
A114: {=_xlfn.SORTBY(A100:J111,B100:B111,-1,I100:I111,-1,G100:G111,-1,H100:H111,1)} -> Costa do Marfim | B114: 4 | C114: 3 | D114: 1 | E114: 1 | F114: 1 | G114: 6 | H114: 4 | I114: 2 | J114: E | N114: =IF(COUNTIF(Jogos!J114:J121,"A")>0,"A","")& IF(COUNTIF(Jogos!J114:J121,"B")>0,"B","")& IF(COUNTIF(Jogos!J114:J121,"C")>0,"C","")& IF(COUNTIF(Jogos!J114:J121,"D")>0,"D","")& IF(COUNTIF(Jogos!J114:J121,"E")>0,"E","")& IF(COUNTIF(Jogos!J114:J121,"F")>0,"F","")& IF(COUNTIF(Jogos!J114:J121,"G")>0,"G","")& IF(COUNTIF(Jogos!J114:J121,"H")>0,"H","")& IF(COUNTIF(Jogos!J114:J121,"I")>0,"I","")& IF(COUNTIF(Jogos!J114:J121,"J")>0,"J","")& IF(COUNTIF(Jogos!J114:J121,"K")>0,"K","")& IF(COUNTIF(Jogos!J114:J121,"L")>0,"L","") -> ACDEFGIJ
A115: Paraguai | B115: 4 | C115: 3 | D115: 1 | E115: 1 | F115: 1 | G115: 4 | H115: 4 | I115: 0 | J115: D
A116: Egito | B116: 4 | C116: 3 | D116: 1 | E116: 1 | F116: 1 | G116: 4 | H116: 5 | I116: -1 | J116: G
A117: Coréia do Sul | B117: 4 | C117: 3 | D117: 1 | E117: 1 | F117: 1 | G117: 2 | H117: 3 | I117: -1 | J117: A
A118: Noruega | B118: 3 | C118: 3 | D118: 1 | E118: 0 | F118: 2 | G118: 6 | H118: 6 | I118: 0 | J118: I
A119: Argélia | B119: 3 | C119: 3 | D119: 1 | E119: 0 | F119: 2 | G119: 4 | H119: 4 | I119: 0 | J119: J
A120: Escócia | B120: 3 | C120: 3 | D120: 1 | E120: 0 | F120: 2 | G120: 4 | H120: 5 | I120: -1 | J120: C
A121: Suécia | B121: 3 | C121: 3 | D121: 1 | E121: 0 | F121: 2 | G121: 4 | H121: 5 | I121: -1 | J121: F
A122: Arábia Saudita | B122: 3 | C122: 3 | D122: 1 | E122: 0 | F122: 2 | G122: 4 | H122: 5 | I122: -1 | J122: H
A123: Bósnia | B123: 3 | C123: 3 | D123: 1 | E123: 0 | F123: 2 | G123: 3 | H123: 4 | I123: -1 | J123: B
A124: Gana | B124: 3 | C124: 3 | D124: 1 | E124: 0 | F124: 2 | G124: 2 | H124: 4 | I124: -2 | J124: L
A125: RD Congo | B125: 3 | C125: 3 | D125: 1 | E125: 0 | F125: 2 | G125: 2 | H125: 6 | I125: -4 | J125: K

Sheet Combinations  
A1: No. | B1: Third-placed teamsadvance from groupsvte | C1: Third-placed teamsadvance from groupsvte_1 | D1: Third-placed teamsadvance from groupsvte_2 | E1: Third-placed teamsadvance from groupsvte_3 | F1: Third-placed teamsadvance from groupsvte_4 | G1: Third-placed teamsadvance from groupsvte_5 | H1: Third-placed teamsadvance from groupsvte_6 | I1: Third-placed teamsadvance from groupsvte_7 | J1: Third-placed teamsadvance from groupsvte_8 | K1: Third-placed teamsadvance from groupsvte_9 | L1: Third-placed teamsadvance from groupsvte_10 | M1: Third-placed teamsadvance from groupsvte_11 | N1: Column1 | O1: 1Avs | P1: 1Bvs | Q1: 1Dvs | R1: 1Evs | S1: 1Gvs | T1: 1Ivs | U1: 1Kvs | V1: 1Lvs
A2: 1 | F2: E | G2: F | H2: G | I2: H | J2: I | K2: J | L2: K | M2: L | O2: 3E | P2: 3J | Q2: 3I | R2: 3F | S2: 3H | T2: 3G | U2: 3L | V2: 3K
A3: 2 | E3: D | G3: F | H3: G | I3: H | J3: I | K3: J | L3: K | M3: L | O3: 3H | P3: 3G | Q3: 3I | R3: 3D | S3: 3J | T3: 3F | U3: 3L | V3: 3K
A4: 3 | E4: D | F4: E | H4: G | I4: H | J4: I | K4: J | L4: K | M4: L | O4: 3E | P4: 3J | Q4: 3I | R4: 3D | S4: 3H | T4: 3G | U4: 3L | V4: 3K
A5: 4 | E5: D | F5: E | G5: F | I5: H | J5: I | K5: J | L5: K | M5: L | O5: 3E | P5: 3J | Q5: 3I | R5: 3D | S5: 3H | T5: 3F | U5: 3L | V5: 3K
A6: 5 | E6: D | F6: E | G6: F | H6: G | J6: I | K6: J | L6: K | M6: L | O6: 3E | P6: 3G | Q6: 3I | R6: 3D | S6: 3J | T6: 3F | U6: 3L | V6: 3K
A7: 6 | E7: D | F7: E | G7: F | H7: G | I7: H | K7: J | L7: K | M7: L | O7: 3E | P7: 3G | Q7: 3J | R7: 3D | S7: 3H | T7: 3F | U7: 3L | V7: 3K
A8: 7 | E8: D | F8: E | G8: F | H8: G | I8: H | J8: I | L8: K | M8: L | O8: 3E | P8: 3G | Q8: 3I | R8: 3D | S8: 3H | T8: 3F | U8: 3L | V8: 3K
A9: 8 | E9: D | F9: E | G9: F | H9: G | I9: H | J9: I | K9: J | M9: L | O9: 3E | P9: 3G | Q9: 3J | R9: 3D | S9: 3H | T9: 3F | U9: 3L | V9: 3I
A10: 9 | E10: D | F10: E | G10: F | H10: G | I10: H | J10: I | K10: J | L10: K | O10: 3E | P10: 3G | Q10: 3J | R10: 3D | S10: 3H | T10: 3F | U10: 3I | V10: 3K
A11: 10 | D11: C | G11: F | H11: G | I11: H | J11: I | K11: J | L11: K | M11: L | O11: 3H | P11: 3G | Q11: 3I | R11: 3C | S11: 3J | T11: 3F | U11: 3L | V11: 3K
A12: 11 | D12: C | F12: E | H12: G | I12: H | J12: I | K12: J | L12: K | M12: L | O12: 3E | P12: 3J | Q12: 3I | R12: 3C | S12: 3H | T12: 3G | U12: 3L | V12: 3K
A13: 12 | D13: C | F13: E | G13: F | I13: H | J13: I | K13: J | L13: K | M13: L | O13: 3E | P13: 3J | Q13: 3I | R13: 3C | S13: 3H | T13: 3F | U13: 3L | V13: 3K
A14: 13 | D14: C | F14: E | G14: F | H14: G | J14: I | K14: J | L14: K | M14: L | O14: 3E | P14: 3G | Q14: 3I | R14: 3C | S14: 3J | T14: 3F | U14: 3L | V14: 3K
A15: 14 | D15: C | F15: E | G15: F | H15: G | I15: H | K15: J | L15: K | M15: L | O15: 3E | P15: 3G | Q15: 3J | R15: 3C | S15: 3H | T15: 3F | U15: 3L | V15: 3K
A16: 15 | D16: C | F16: E | G16: F | H16: G | I16: H | J16: I | L16: K | M16: L | O16: 3E | P16: 3G | Q16: 3I | R16: 3C | S16: 3H | T16: 3F | U16: 3L | V16: 3K
A17: 16 | D17: C | F17: E | G17: F | H17: G | I17: H | J17: I | K17: J | M17: L | O17: 3E | P17: 3G | Q17: 3J | R17: 3C | S17: 3H | T17: 3F | U17: 3L | V17: 3I
A18: 17 | D18: C | F18: E | G18: F | H18: G | I18: H | J18: I | K18: J | L18: K | O18: 3E | P18: 3G | Q18: 3J | R18: 3C | S18: 3H | T18: 3F | U18: 3I | V18: 3K
A19: 18 | D19: C | E19: D | H19: G | I19: H | J19: I | K19: J | L19: K | M19: L | O19: 3H | P19: 3G | Q19: 3I | R19: 3C | S19: 3J | T19: 3D | U19: 3L | V19: 3K
A20: 19 | D20: C | E20: D | G20: F | I20: H | J20: I | K20: J | L20: K | M20: L | O20: 3C | P20: 3J | Q20: 3I | R20: 3D | S20: 3H | T20: 3F | U20: 3L | V20: 3K
A21: 20 | D21: C | E21: D | G21: F | H21: G | J21: I | K21: J | L21: K | M21: L | O21: 3C | P21: 3G | Q21: 3I | R21: 3D | S21: 3J | T21: 3F | U21: 3L | V21: 3K
A22: 21 | D22: C | E22: D | G22: F | H22: G | I22: H | K22: J | L22: K | M22: L | O22: 3C | P22: 3G | Q22: 3J | R22: 3D | S22: 3H | T22: 3F | U22: 3L | V22: 3K
A23: 22 | D23: C | E23: D | G23: F | H23: G | I23: H | J23: I | L23: K | M23: L | O23: 3C | P23: 3G | Q23: 3I | R23: 3D | S23: 3H | T23: 3F | U23: 3L | V23: 3K
A24: 23 | D24: C | E24: D | G24: F | H24: G | I24: H | J24: I | K24: J | M24: L | O24: 3C | P24: 3G | Q24: 3J | R24: 3D | S24: 3H | T24: 3F | U24: 3L | V24: 3I
A25: 24 | D25: C | E25: D | G25: F | H25: G | I25: H | J25: I | K25: J | L25: K | O25: 3C | P25: 3G | Q25: 3J | R25: 3D | S25: 3H | T25: 3F | U25: 3I | V25: 3K
A26: 25 | D26: C | E26: D | F26: E | I26: H | J26: I | K26: J | L26: K | M26: L | O26: 3E | P26: 3J | Q26: 3I | R26: 3C | S26: 3H | T26: 3D | U26: 3L | V26: 3K
A27: 26 | D27: C | E27: D | F27: E | H27: G | J27: I | K27: J | L27: K | M27: L | O27: 3E | P27: 3G | Q27: 3I | R27: 3C | S27: 3J | T27: 3D | U27: 3L | V27: 3K
A28: 27 | D28: C | E28: D | F28: E | H28: G | I28: H | K28: J | L28: K | M28: L | O28: 3E | P28: 3G | Q28: 3J | R28: 3C | S28: 3H | T28: 3D | U28: 3L | V28: 3K
A29: 28 | D29: C | E29: D | F29: E | H29: G | I29: H | J29: I | L29: K | M29: L | O29: 3E | P29: 3G | Q29: 3I | R29: 3C | S29: 3H | T29: 3D | U29: 3L | V29: 3K
A30: 29 | D30: C | E30: D | F30: E | H30: G | I30: H | J30: I | K30: J | M30: L | O30: 3E | P30: 3G | Q30: 3J | R30: 3C | S30: 3H | T30: 3D | U30: 3L | V30: 3I
A31: 30 | D31: C | E31: D | F31: E | H31: G | I31: H | J31: I | K31: J | L31: K | O31: 3E | P31: 3G | Q31: 3J | R31: 3C | S31: 3H | T31: 3D | U31: 3I | V31: 3K
A32: 31 | D32: C | E32: D | F32: E | G32: F | J32: I | K32: J | L32: K | M32: L | O32: 3C | P32: 3J | Q32: 3E | R32: 3D | S32: 3I | T32: 3F | U32: 3L | V32: 3K
A33: 32 | D33: C | E33: D | F33: E | G33: F | I33: H | K33: J | L33: K | M33: L | O33: 3C | P33: 3J | Q33: 3E | R33: 3D | S33: 3H | T33: 3F | U33: 3L | V33: 3K
A34: 33 | D34: C | E34: D | F34: E | G34: F | I34: H | J34: I | L34: K | M34: L | O34: 3C | P34: 3E | Q34: 3I | R34: 3D | S34: 3H | T34: 3F | U34: 3L | V34: 3K
A35: 34 | D35: C | E35: D | F35: E | G35: F | I35: H | J35: I | K35: J | M35: L | O35: 3C | P35: 3J | Q35: 3E | R35: 3D | S35: 3H | T35: 3F | U35: 3L | V35: 3I
A36: 35 | D36: C | E36: D | F36: E | G36: F | I36: H | J36: I | K36: J | L36: K | O36: 3C | P36: 3J | Q36: 3E | R36: 3D | S36: 3H | T36: 3F | U36: 3I | V36: 3K
A37: 36 | D37: C | E37: D | F37: E | G37: F | H37: G | K37: J | L37: K | M37: L | O37: 3C | P37: 3G | Q37: 3E | R37: 3D | S37: 3J | T37: 3F | U37: 3L | V37: 3K
A38: 37 | D38: C | E38: D | F38: E | G38: F | H38: G | J38: I | L38: K | M38: L | O38: 3C | P38: 3G | Q38: 3E | R38: 3D | S38: 3I | T38: 3F | U38: 3L | V38: 3K
A39: 38 | D39: C | E39: D | F39: E | G39: F | H39: G | J39: I | K39: J | M39: L | O39: 3C | P39: 3G | Q39: 3E | R39: 3D | S39: 3J | T39: 3F | U39: 3L | V39: 3I
A40: 39 | D40: C | E40: D | F40: E | G40: F | H40: G | J40: I | K40: J | L40: K | O40: 3C | P40: 3G | Q40: 3E | R40: 3D | S40: 3J | T40: 3F | U40: 3I | V40: 3K
A41: 40 | D41: C | E41: D | F41: E | G41: F | H41: G | I41: H | L41: K | M41: L | O41: 3C | P41: 3G | Q41: 3E | R41: 3D | S41: 3H | T41: 3F | U41: 3L | V41: 3K
A42: 41 | D42: C | E42: D | F42: E | G42: F | H42: G | I42: H | K42: J | M42: L | O42: 3C | P42: 3G | Q42: 3J | R42: 3D | S42: 3H | T42: 3F | U42: 3L | V42: 3E
A43: 42 | D43: C | E43: D | F43: E | G43: F | H43: G | I43: H | K43: J | L43: K | O43: 3C | P43: 3G | Q43: 3J | R43: 3D | S43: 3H | T43: 3F | U43: 3E | V43: 3K
A44: 43 | D44: C | E44: D | F44: E | G44: F | H44: G | I44: H | J44: I | M44: L | O44: 3C | P44: 3G | Q44: 3E | R44: 3D | S44: 3H | T44: 3F | U44: 3L | V44: 3I
A45: 44 | D45: C | E45: D | F45: E | G45: F | H45: G | I45: H | J45: I | L45: K | O45: 3C | P45: 3G | Q45: 3E | R45: 3D | S45: 3H | T45: 3F | U45: 3I | V45: 3K
A46: 45 | D46: C | E46: D | F46: E | G46: F | H46: G | I46: H | J46: I | K46: J | O46: 3C | P46: 3G | Q46: 3J | R46: 3D | S46: 3H | T46: 3F | U46: 3E | V46: 3I
A47: 46 | C47: B | G47: F | H47: G | I47: H | J47: I | K47: J | L47: K | M47: L | O47: 3H | P47: 3J | Q47: 3B | R47: 3F | S47: 3I | T47: 3G | U47: 3L | V47: 3K
A48: 47 | C48: B | F48: E | H48: G | I48: H | J48: I | K48: J | L48: K | M48: L | O48: 3E | P48: 3J | Q48: 3I | R48: 3B | S48: 3H | T48: 3G | U48: 3L | V48: 3K
A49: 48 | C49: B | F49: E | G49: F | I49: H | J49: I | K49: J | L49: K | M49: L | O49: 3E | P49: 3J | Q49: 3B | R49: 3F | S49: 3I | T49: 3H | U49: 3L | V49: 3K
A50: 49 | C50: B | F50: E | G50: F | H50: G | J50: I | K50: J | L50: K | M50: L | O50: 3E | P50: 3J | Q50: 3B | R50: 3F | S50: 3I | T50: 3G | U50: 3L | V50: 3K
A51: 50 | C51: B | F51: E | G51: F | H51: G | I51: H | K51: J | L51: K | M51: L | O51: 3E | P51: 3J | Q51: 3B | R51: 3F | S51: 3H | T51: 3G | U51: 3L | V51: 3K
A52: 51 | C52: B | F52: E | G52: F | H52: G | I52: H | J52: I | L52: K | M52: L | O52: 3E | P52: 3G | Q52: 3B | R52: 3F | S52: 3I | T52: 3H | U52: 3L | V52: 3K
A53: 52 | C53: B | F53: E | G53: F | H53: G | I53: H | J53: I | K53: J | M53: L | O53: 3E | P53: 3J | Q53: 3B | R53: 3F | S53: 3H | T53: 3G | U53: 3L | V53: 3I
A54: 53 | C54: B | F54: E | G54: F | H54: G | I54: H | J54: I | K54: J | L54: K | O54: 3E | P54: 3J | Q54: 3B | R54: 3F | S54: 3H | T54: 3G | U54: 3I | V54: 3K
A55: 54 | C55: B | E55: D | H55: G | I55: H | J55: I | K55: J | L55: K | M55: L | O55: 3H | P55: 3J | Q55: 3B | R55: 3D | S55: 3I | T55: 3G | U55: 3L | V55: 3K
A56: 55 | C56: B | E56: D | G56: F | I56: H | J56: I | K56: J | L56: K | M56: L | O56: 3H | P56: 3J | Q56: 3B | R56: 3D | S56: 3I | T56: 3F | U56: 3L | V56: 3K
A57: 56 | C57: B | E57: D | G57: F | H57: G | J57: I | K57: J | L57: K | M57: L | O57: 3I | P57: 3G | Q57: 3B | R57: 3D | S57: 3J | T57: 3F | U57: 3L | V57: 3K
A58: 57 | C58: B | E58: D | G58: F | H58: G | I58: H | K58: J | L58: K | M58: L | O58: 3H | P58: 3G | Q58: 3B | R58: 3D | S58: 3J | T58: 3F | U58: 3L | V58: 3K
A59: 58 | C59: B | E59: D | G59: F | H59: G | I59: H | J59: I | L59: K | M59: L | O59: 3H | P59: 3G | Q59: 3B | R59: 3D | S59: 3I | T59: 3F | U59: 3L | V59: 3K
A60: 59 | C60: B | E60: D | G60: F | H60: G | I60: H | J60: I | K60: J | M60: L | O60: 3H | P60: 3G | Q60: 3B | R60: 3D | S60: 3J | T60: 3F | U60: 3L | V60: 3I
A61: 60 | C61: B | E61: D | G61: F | H61: G | I61: H | J61: I | K61: J | L61: K | O61: 3H | P61: 3G | Q61: 3B | R61: 3D | S61: 3J | T61: 3F | U61: 3I | V61: 3K
A62: 61 | C62: B | E62: D | F62: E | I62: H | J62: I | K62: J | L62: K | M62: L | O62: 3E | P62: 3J | Q62: 3B | R62: 3D | S62: 3I | T62: 3H | U62: 3L | V62: 3K
A63: 62 | C63: B | E63: D | F63: E | H63: G | J63: I | K63: J | L63: K | M63: L | O63: 3E | P63: 3J | Q63: 3B | R63: 3D | S63: 3I | T63: 3G | U63: 3L | V63: 3K
A64: 63 | C64: B | E64: D | F64: E | H64: G | I64: H | K64: J | L64: K | M64: L | O64: 3E | P64: 3J | Q64: 3B | R64: 3D | S64: 3H | T64: 3G | U64: 3L | V64: 3K
A65: 64 | C65: B | E65: D | F65: E | H65: G | I65: H | J65: I | L65: K | M65: L | O65: 3E | P65: 3G | Q65: 3B | R65: 3D | S65: 3I | T65: 3H | U65: 3L | V65: 3K
A66: 65 | C66: B | E66: D | F66: E | H66: G | I66: H | J66: I | K66: J | M66: L | O66: 3E | P66: 3J | Q66: 3B | R66: 3D | S66: 3H | T66: 3G | U66: 3L | V66: 3I
A67: 66 | C67: B | E67: D | F67: E | H67: G | I67: H | J67: I | K67: J | L67: K | O67: 3E | P67: 3J | Q67: 3B | R67: 3D | S67: 3H | T67: 3G | U67: 3I | V67: 3K
A68: 67 | C68: B | E68: D | F68: E | G68: F | J68: I | K68: J | L68: K | M68: L | O68: 3E | P68: 3J | Q68: 3B | R68: 3D | S68: 3I | T68: 3F | U68: 3L | V68: 3K
A69: 68 | C69: B | E69: D | F69: E | G69: F | I69: H | K69: J | L69: K | M69: L | O69: 3E | P69: 3J | Q69: 3B | R69: 3D | S69: 3H | T69: 3F | U69: 3L | V69: 3K
A70: 69 | C70: B | E70: D | F70: E | G70: F | I70: H | J70: I | L70: K | M70: L | O70: 3E | P70: 3I | Q70: 3B | R70: 3D | S70: 3H | T70: 3F | U70: 3L | V70: 3K
A71: 70 | C71: B | E71: D | F71: E | G71: F | I71: H | J71: I | K71: J | M71: L | O71: 3E | P71: 3J | Q71: 3B | R71: 3D | S71: 3H | T71: 3F | U71: 3L | V71: 3I
A72: 71 | C72: B | E72: D | F72: E | G72: F | I72: H | J72: I | K72: J | L72: K | O72: 3E | P72: 3J | Q72: 3B | R72: 3D | S72: 3H | T72: 3F | U72: 3I | V72: 3K
A73: 72 | C73: B | E73: D | F73: E | G73: F | H73: G | K73: J | L73: K | M73: L | O73: 3E | P73: 3G | Q73: 3B | R73: 3D | S73: 3J | T73: 3F | U73: 3L | V73: 3K
A74: 73 | C74: B | E74: D | F74: E | G74: F | H74: G | J74: I | L74: K | M74: L | O74: 3E | P74: 3G | Q74: 3B | R74: 3D | S74: 3I | T74: 3F | U74: 3L | V74: 3K
A75: 74 | C75: B | E75: D | F75: E | G75: F | H75: G | J75: I | K75: J | M75: L | O75: 3E | P75: 3G | Q75: 3B | R75: 3D | S75: 3J | T75: 3F | U75: 3L | V75: 3I
A76: 75 | C76: B | E76: D | F76: E | G76: F | H76: G | J76: I | K76: J | L76: K | O76: 3E | P76: 3G | Q76: 3B | R76: 3D | S76: 3J | T76: 3F | U76: 3I | V76: 3K
A77: 76 | C77: B | E77: D | F77: E | G77: F | H77: G | I77: H | L77: K | M77: L | O77: 3E | P77: 3G | Q77: 3B | R77: 3D | S77: 3H | T77: 3F | U77: 3L | V77: 3K
A78: 77 | C78: B | E78: D | F78: E | G78: F | H78: G | I78: H | K78: J | M78: L | O78: 3H | P78: 3G | Q78: 3B | R78: 3D | S78: 3J | T78: 3F | U78: 3L | V78: 3E
A79: 78 | C79: B | E79: D | F79: E | G79: F | H79: G | I79: H | K79: J | L79: K | O79: 3H | P79: 3G | Q79: 3B | R79: 3D | S79: 3J | T79: 3F | U79: 3E | V79: 3K
A80: 79 | C80: B | E80: D | F80: E | G80: F | H80: G | I80: H | J80: I | M80: L | O80: 3E | P80: 3G | Q80: 3B | R80: 3D | S80: 3H | T80: 3F | U80: 3L | V80: 3I
A81: 80 | C81: B | E81: D | F81: E | G81: F | H81: G | I81: H | J81: I | L81: K | O81: 3E | P81: 3G | Q81: 3B | R81: 3D | S81: 3H | T81: 3F | U81: 3I | V81: 3K
A82: 81 | C82: B | E82: D | F82: E | G82: F | H82: G | I82: H | J82: I | K82: J | O82: 3H | P82: 3G | Q82: 3B | R82: 3D | S82: 3J | T82: 3F | U82: 3E | V82: 3I
A83: 82 | C83: B | D83: C | H83: G | I83: H | J83: I | K83: J | L83: K | M83: L | O83: 3H | P83: 3J | Q83: 3B | R83: 3C | S83: 3I | T83: 3G | U83: 3L | V83: 3K
A84: 83 | C84: B | D84: C | G84: F | I84: H | J84: I | K84: J | L84: K | M84: L | O84: 3H | P84: 3J | Q84: 3B | R84: 3C | S84: 3I | T84: 3F | U84: 3L | V84: 3K
A85: 84 | C85: B | D85: C | G85: F | H85: G | J85: I | K85: J | L85: K | M85: L | O85: 3I | P85: 3G | Q85: 3B | R85: 3C | S85: 3J | T85: 3F | U85: 3L | V85: 3K
A86: 85 | C86: B | D86: C | G86: F | H86: G | I86: H | K86: J | L86: K | M86: L | O86: 3H | P86: 3G | Q86: 3B | R86: 3C | S86: 3J | T86: 3F | U86: 3L | V86: 3K
A87: 86 | C87: B | D87: C | G87: F | H87: G | I87: H | J87: I | L87: K | M87: L | O87: 3H | P87: 3G | Q87: 3B | R87: 3C | S87: 3I | T87: 3F | U87: 3L | V87: 3K
A88: 87 | C88: B | D88: C | G88: F | H88: G | I88: H | J88: I | K88: J | M88: L | O88: 3H | P88: 3G | Q88: 3B | R88: 3C | S88: 3J | T88: 3F | U88: 3L | V88: 3I
A89: 88 | C89: B | D89: C | G89: F | H89: G | I89: H | J89: I | K89: J | L89: K | O89: 3H | P89: 3G | Q89: 3B | R89: 3C | S89: 3J | T89: 3F | U89: 3I | V89: 3K
A90: 89 | C90: B | D90: C | F90: E | I90: H | J90: I | K90: J | L90: K | M90: L | O90: 3E | P90: 3J | Q90: 3B | R90: 3C | S90: 3I | T90: 3H | U90: 3L | V90: 3K
A91: 90 | C91: B | D91: C | F91: E | H91: G | J91: I | K91: J | L91: K | M91: L | O91: 3E | P91: 3J | Q91: 3B | R91: 3C | S91: 3I | T91: 3G | U91: 3L | V91: 3K
A92: 91 | C92: B | D92: C | F92: E | H92: G | I92: H | K92: J | L92: K | M92: L | O92: 3E | P92: 3J | Q92: 3B | R92: 3C | S92: 3H | T92: 3G | U92: 3L | V92: 3K
A93: 92 | C93: B | D93: C | F93: E | H93: G | I93: H | J93: I | L93: K | M93: L | O93: 3E | P93: 3G | Q93: 3B | R93: 3C | S93: 3I | T93: 3H | U93: 3L | V93: 3K
A94: 93 | C94: B | D94: C | F94: E | H94: G | I94: H | J94: I | K94: J | M94: L | O94: 3E | P94: 3J | Q94: 3B | R94: 3C | S94: 3H | T94: 3G | U94: 3L | V94: 3I
A95: 94 | C95: B | D95: C | F95: E | H95: G | I95: H | J95: I | K95: J | L95: K | O95: 3E | P95: 3J | Q95: 3B | R95: 3C | S95: 3H | T95: 3G | U95: 3I | V95: 3K
A96: 95 | C96: B | D96: C | F96: E | G96: F | J96: I | K96: J | L96: K | M96: L | O96: 3E | P96: 3J | Q96: 3B | R96: 3C | S96: 3I | T96: 3F | U96: 3L | V96: 3K
A97: 96 | C97: B | D97: C | F97: E | G97: F | I97: H | K97: J | L97: K | M97: L | O97: 3E | P97: 3J | Q97: 3B | R97: 3C | S97: 3H | T97: 3F | U97: 3L | V97: 3K
A98: 97 | C98: B | D98: C | F98: E | G98: F | I98: H | J98: I | L98: K | M98: L | O98: 3E | P98: 3I | Q98: 3B | R98: 3C | S98: 3H | T98: 3F | U98: 3L | V98: 3K
A99: 98 | C99: B | D99: C | F99: E | G99: F | I99: H | J99: I | K99: J | M99: L | O99: 3E | P99: 3J | Q99: 3B | R99: 3C | S99: 3H | T99: 3F | U99: 3L | V99: 3I
A100: 99 | C100: B | D100: C | F100: E | G100: F | I100: H | J100: I | K100: J | L100: K | O100: 3E | P100: 3J | Q100: 3B | R100: 3C | S100: 3H | T100: 3F | U100: 3I | V100: 3K
...

Sheet Combinacoes
A1: Combinação | B1: 1A | C1: 1B | D1: 1D | E1: 1E | F1: 1G | G1: 1I | H1: 1K | I1: 1L
A2: EFGHIJKL | B2: E | C2: J | D2: I | E2: F | F2: H | G2: G | H2: L | I2: K
A3: DFGHIJKL | B3: H | C3: G | D3: I | E3: D | F3: J | G3: F | H3: L | I3: K
A4: DEGHIJKL | B4: E | C4: J | D4: I | E4: D | F4: H | G4: G | H4: L | I4: K
A5: DEFHIJKL | B5: E | C5: J | D5: I | E5: D | F5: H | G5: F | H5: L | I5: K
A6: DEFGIJKL | B6: E | C6: G | D6: I | E6: D | F6: J | G6: F | H6: L | I6: K
A7: DEFGHJKL | B7: E | C7: G | D7: J | E7: D | F7: H | G7: F | H7: L | I7: K
A8: DEFGHIKL | B8: E | C8: G | D8: I | E8: D | F8: H | G8: F | H8: L | I8: K
A9: DEFGHIJL | B9: E | C9: G | D9: J | E9: D | F9: H | G9: F | H9: L | I9: I
A10: DEFGHIJK | B10: E | C10: G | D10: J | E10: D | F10: H | G10: F | H10: I | I10: K
A11: CFGHIJKL | B11: H | C11: G | D11: I | E11: C | F11: J | G11: F | H11: L | I11: K
A12: CEGHIJKL | B12: E | C12: J | D12: I | E12: C | F12: H | G12: G | H12: L | I12: K
... A496: ABCDEFGH | B496: H | C496: G | D496: B | E496: C | F496: A | G496: F | H496: D | I496: E

Sheet Tabela Jogos
A2: NOME: | C2: Cipri
A3: Primeira fase GRUPO A
A4: 46184 | B4: 16h | C4: México | E4: 2 | F4: x | G4: 1 | I4: África do Sul | L4: Classificação do grupo A
A5: 46184 | B5: 23h | C5: Coréia do Sul | E5: 1 | F5: x | G5: 1 | I5: República Tcheca | M5: PT | N5: J | O5: V | P5: E | Q5: D | R5: GP | S5: GC | T5: SG
A6: 46191 | B6: 13h | C6: República Tcheca | E6: 2 | F6: x | G6: 1 | I6: África do Sul | L6: =Jogos!AN5 -> México | M6: =VLOOKUP($L6,Jogos!$A$5:$I$8,2,FALSE) -> 7 | N6: =VLOOKUP($L6,Jogos!$A$5:$I$8,3,FALSE) -> 3 | O6: =VLOOKUP($L6,Jogos!$A$5:$I$8,4,FALSE) -> 2 | P6: =VLOOKUP($L6,Jogos!$A$5:$I$8,5,FALSE) -> 1 | Q6: =VLOOKUP($L6,Jogos!$A$5:$I$8,6,FALSE) -> 0 | R6: =VLOOKUP($L6,Jogos!$A$5:$I$8,7,FALSE) -> 5 | S6: =VLOOKUP($L6,Jogos!$A$5:$I$8,8,FALSE) -> 2 | T6: =VLOOKUP($L6,Jogos!$A$5:$I$8,9,FALSE) -> 3
A7: 46191 | B7: 22h | C7: México | E7: 2 | F7: x | G7: 0 | I7: Coréia do Sul | L7: =Jogos!AN6 -> República Tcheca | M7: =VLOOKUP($L7,Jogos!$A$5:$I$8,2,FALSE) -> 5 | N7: =VLOOKUP($L7,Jogos!$A$5:$I$8,3,FALSE) -> 3 | O7: =VLOOKUP($L7,Jogos!$A$5:$I$8,4,FALSE) -> 1 | P7: =VLOOKUP($L7,Jogos!$A$5:$I$8,5,FALSE) -> 2 | Q7: =VLOOKUP($L7,Jogos!$A$5:$I$8,6,FALSE) -> 0 | R7: =VLOOKUP($L7,Jogos!$A$5:$I$8,7,FALSE) -> 4 | S7: =VLOOKUP($L7,Jogos!$A$5:$I$8,8,FALSE) -> 3 | T7: =VLOOKUP($L7,Jogos!$A$5:$I$8,9,FALSE) -> 1
A8: 46197 | B8: 22h | C8: África do Sul | E8: 0 | F8: x | G8: 1 | I8: Coréia do Sul | L8: =Jogos!AN7 -> Coréia do Sul | M8: =VLOOKUP($L8,Jogos!$A$5:$I$8,2,FALSE) -> 4 | N8: =VLOOKUP($L8,Jogos!$A$5:$I$8,3,FALSE) -> 3 | O8: =VLOOKUP($L8,Jogos!$A$5:$I$8,4,FALSE) -> 1 | P8: =VLOOKUP($L8,Jogos!$A$5:$I$8,5,FALSE) -> 1 | Q8: =VLOOKUP($L8,Jogos!$A$5:$I$8,6,FALSE) -> 1 | R8: =VLOOKUP($L8,Jogos!$A$5:$I$8,7,FALSE) -> 2 | S8: =VLOOKUP($L8,Jogos!$A$5:$I$8,8,FALSE) -> 3 | T8: =VLOOKUP($L8,Jogos!$A$5:$I$8,9,FALSE) -> -1
A9: 46197 | B9: 22h | C9: República Tcheca | E9: 1 | F9: x | G9: 1 | I9: México | L9: =Jogos!AN8 -> África do Sul | M9: =VLOOKUP($L9,Jogos!$A$5:$I$8,2,FALSE) -> 0 | N9: =VLOOKUP($L9,Jogos!$A$5:$I$8,3,FALSE) -> 3 | O9: =VLOOKUP($L9,Jogos!$A$5:$I$8,4,FALSE) -> 0 | P9: =VLOOKUP($L9,Jogos!$A$5:$I$8,5,FALSE) -> 0 | Q9: =VLOOKUP($L9,Jogos!$A$5:$I$8,6,FALSE) -> 3 | R9: =VLOOKUP($L9,Jogos!$A$5:$I$8,7,FALSE) -> 2 | S9: =VLOOKUP($L9,Jogos!$A$5:$I$8,8,FALSE) -> 5 | T9: =VLOOKUP($L9,Jogos!$A$5:$I$8,9,FALSE) -> -3
A11: Primeira fase GRUPO B
A12: 46185 | B12: 16h | C12: Canadá | E12: 2 | F12: x | G12: 1 | I12: Bósnia | L12: Classificação do grupo B
A13: 46186 | B13: 16h | C13: Catar | E13: 0 | F13: x | G13: 2 | I13: Suíça | M13: PT | N13: J | O13: V | P13: E | Q13: D | R13: GP | S13: GC | T13: SG
A14: 46191 | B14: 16h | C14: Suíça | E14: 1 | F14: x | G14: 0 | I14: Bósnia | L14: =Jogos!AN13 -> Suíça | M14: =VLOOKUP($L14,Jogos!$A$13:$I$16,2,FALSE) -> 9 | N14: =VLOOKUP($L14,Jogos!$A$13:$I$16,3,FALSE) -> 3 | O14: =VLOOKUP($L14,Jogos!$A$13:$I$16,4,FALSE) -> 3 | P14: =VLOOKUP($L14,Jogos!$A$13:$I$16,5,FALSE) -> 0 | Q14: =VLOOKUP($L14,Jogos!$A$13:$I$16,6,FALSE) -> 0 | R14: =VLOOKUP($L14,Jogos!$A$13:$I$16,7,FALSE) -> 4 | S14: =VLOOKUP($L14,Jogos!$A$13:$I$16,8,FALSE) -> 0 | T14: =VLOOKUP($L14,Jogos!$A$13:$I$16,9,FALSE) -> 4
A15: 46191 | B15: 19h | C15: Canadá | E15: 3 | F15: x | G15: 0 | I15: Catar | L15: =Jogos!AN14 -> Canadá | M15: =VLOOKUP($L15,Jogos!$A$13:$I$16,2,FALSE) -> 6 | N15: =VLOOKUP($L15,Jogos!$A$13:$I$16,3,FALSE) -> 3 | O15: =VLOOKUP($L15,Jogos!$A$13:$I$16,4,FALSE) -> 2 | P15: =VLOOKUP($L15,Jogos!$A$13:$I$16,5,FALSE) -> 0 | Q15: =VLOOKUP($L15,Jogos!$A$13:$I$16,6,FALSE) -> 1 | R15: =VLOOKUP($L15,Jogos!$A$13:$I$16,7,FALSE) -> 5 | S15: =VLOOKUP($L15,Jogos!$A$13:$I$16,8,FALSE) -> 2 | T15: =VLOOKUP($L15,Jogos!$A$13:$I$16,9,FALSE) -> 3
A16: 46197 | B16: 16h | C16: Suíça | E16: 1 | F16: x | G16: 0 | I16: Canadá | L16: =Jogos!AN15 -> Bósnia | M16: =VLOOKUP($L16,Jogos!$A$13:$I$16,2,FALSE) -> 3 | N16: =VLOOKUP($L16,Jogos!$A$13:$I$16,3,FALSE) -> 3 | O16: =VLOOKUP($L16,Jogos!$A$13:$I$16,4,FALSE) -> 1 | P16: =VLOOKUP($L16,Jogos!$A$13:$I$16,5,FALSE) -> 0 | Q16: =VLOOKUP($L16,Jogos!$A$13:$I$16,6,FALSE) -> 2 | R16: =VLOOKUP($L16,Jogos!$A$13:$I$16,7,FALSE) -> 3 | S16: =VLOOKUP($L16,Jogos!$A$13:$I$16,8,FALSE) -> 4 | T16: =VLOOKUP($L16,Jogos!$A$13:$I$16,9,FALSE) -> -1
A17: 46197 | B17: 16h | C17: Bósnia | E17: 2 | F17: x | G17: 1 | I17: Catar | L17: =Jogos!AN16 -> Catar | M17: =VLOOKUP($L17,Jogos!$A$13:$I$16,2,FALSE) -> 0 | N17: =VLOOKUP($L17,Jogos!$A$13:$I$16,3,FALSE) -> 3 | O17: =VLOOKUP($L17,Jogos!$A$13:$I$16,4,FALSE) -> 0 | P17: =VLOOKUP($L17,Jogos!$A$13:$I$16,5,FALSE) -> 0 | Q17: =VLOOKUP($L17,Jogos!$A$13:$I$16,6,FALSE) -> 3 | R17: =VLOOKUP($L17,Jogos!$A$13:$I$16,7,FALSE) -> 1 | S17: =VLOOKUP($L17,Jogos!$A$13:$I$16,8,FALSE) -> 7 | T17: =VLOOKUP($L17,Jogos!$A$13:$I$16,9,FALSE) -> -6
A19: Primeira fase GRUPO C
A20: 46186 | B20: 19h | C20: Brasil | E20: 1 | F20: x | G20: 1 | I20: Marrocos | L20: Classificação do grupo C
A21: 46186 | B21: 22h | C21: Haiti | E21: 1 | F21: x | G21: 3 | I21: Escócia | M21: PT | N21: J | O21: V | P21: E | Q21: D | R21: GP | S21: GC | T21: SG
A22: 46192 | B22: 19h | C22: Escócia | E22: 1 | F22: x | G22: 2 | I22: Marrocos | L22: =Jogos!AN21 -> Brasil | M22: =VLOOKUP($L22,Jogos!$A$21:$I$24,2,FALSE) -> 7 | N22: =VLOOKUP($L22,Jogos!$A$21:$I$24,3,FALSE) -> 3 | O22: =VLOOKUP($L22,Jogos!$A$21:$I$24,4,FALSE) -> 2 | P22: =VLOOKUP($L22,Jogos!$A$21:$I$24,5,FALSE) -> 1 | Q22: =VLOOKUP($L22,Jogos!$A$21:$I$24,6,FALSE) -> 0 | R22: =VLOOKUP($L22,Jogos!$A$21:$I$24,7,FALSE) -> 7 | S22: =VLOOKUP($L22,Jogos!$A$21:$I$24,8,FALSE) -> 1 | T22: =VLOOKUP($L22,Jogos!$A$21:$I$24,9,FALSE) -> 6
A23: 46192 | B23: 21h30 | C23: Brasil | E23: 4 | F23: x | G23: 0 | I23: Haiti | L23: =Jogos!AN22 -> Marrocos | M23: =VLOOKUP($L23,Jogos!$A$21:$I$24,2,FALSE) -> 7 | N23: =VLOOKUP($L23,Jogos!$A$21:$I$24,3,FALSE) -> 3 | O23: =VLOOKUP($L23,Jogos!$A$21:$I$24,4,FALSE) -> 2 | P23: =VLOOKUP($L23,Jogos!$A$21:$I$24,5,FALSE) -> 1 | Q23: =VLOOKUP($L23,Jogos!$A$21:$I$24,6,FALSE) -> 0 | R23: =VLOOKUP($L23,Jogos!$A$21:$I$24,7,FALSE) -> 6 | S23: =VLOOKUP($L23,Jogos!$A$21:$I$24,8,FALSE) -> 2 | T23: =VLOOKUP($L23,Jogos!$A$21:$I$24,9,FALSE) -> 4
A24: 46197 | B24: 19h | C24: Marrocos | E24: 3 | F24: x | G24: 0 | I24: Haiti | L24: =Jogos!AN23 -> Escócia | M24: =VLOOKUP($L24,Jogos!$A$21:$I$24,2,FALSE) -> 3 | N24: =VLOOKUP($L24,Jogos!$A$21:$I$24,3,FALSE) -> 3 | O24: =VLOOKUP($L24,Jogos!$A$21:$I$24,4,FALSE) -> 1 | P24: =VLOOKUP($L24,Jogos!$A$21:$I$24,5,FALSE) -> 0 | Q24: =VLOOKUP($L24,Jogos!$A$21:$I$24,6,FALSE) -> 2 | R24: =VLOOKUP($L24,Jogos!$A$21:$I$24,7,FALSE) -> 4 | S24: =VLOOKUP($L24,Jogos!$A$21:$I$24,8,FALSE) -> 5 | T24: =VLOOKUP($L24,Jogos!$A$21:$I$24,9,FALSE) -> -1
A25: 46197 | B25: 19h | C25: Escócia | E25: 0 | F25: x | G25: 2 | I25: Brasil | L25: =Jogos!AN24 -> Haiti | M25: =VLOOKUP($L25,Jogos!$A$21:$I$24,2,FALSE) -> 0 | N25: =VLOOKUP($L25,Jogos!$A$21:$I$24,3,FALSE) -> 3 | O25: =VLOOKUP($L25,Jogos!$A$21:$I$24,4,FALSE) -> 0 | P25: =VLOOKUP($L25,Jogos!$A$21:$I$24,5,FALSE) -> 0 | Q25: =VLOOKUP($L25,Jogos!$A$21:$I$24,6,FALSE) -> 3 | R25: =VLOOKUP($L25,Jogos!$A$21:$I$24,7,FALSE) -> 1 | S25: =VLOOKUP($L25,Jogos!$A$21:$I$24,8,FALSE) -> 10 | T25: =VLOOKUP($L25,Jogos!$A$21:$I$24,9,FALSE) -> -9
A27: Primeira fase GRUPO D
A28: 46185 | B28: 22h | C28: Estados Unidos | E28: 2 | F28: x | G28: 1 | I28: Paraguai | L28: Classificação do grupo D
A29: 46187 | B29: 16h | C29: Austrália | E29: 1 | F29: x | G29: 3 | I29: Turquia | M29: PT | N29: J | O29: V | P29: E | Q29: D | R29: GP | S29: GC | T29: SG
A30: 46192 | B30: 16h | C30: Estados Unidos | E30: 2 | F30: x | G30: 0 | I30: Austrália | L30: =Jogos!AN29 -> Turquia | M30: =VLOOKUP($L30,Jogos!$A$29:$I$32,2,FALSE) -> 7 | N30: =VLOOKUP($L30,Jogos!$A$29:$I$32,3,FALSE) -> 3 | O30: =VLOOKUP($L30,Jogos!$A$29:$I$32,4,FALSE) -> 2 | P30: =VLOOKUP($L30,Jogos!$A$29:$I$32,5,FALSE) -> 1 | Q30: =VLOOKUP($L30,Jogos!$A$29:$I$32,6,FALSE) -> 0 | R30: =VLOOKUP($L30,Jogos!$A$29:$I$32,7,FALSE) -> 6 | S30: =VLOOKUP($L30,Jogos!$A$29:$I$32,8,FALSE) -> 3 | T30: =VLOOKUP($L30,Jogos!$A$29:$I$32,9,FALSE) -> 3
A31: 46193 | B31: 1h | C31: Turquia | E31: 1 | F31: x | G31: 1 | I31: Paraguai | L31: =Jogos!AN30 -> Estados Unidos | M31: =VLOOKUP($L31,Jogos!$A$29:$I$32,2,FALSE) -> 6 | N31: =VLOOKUP($L31,Jogos!$A$29:$I$32,3,FALSE) -> 3 | O31: =VLOOKUP($L31,Jogos!$A$29:$I$32,4,FALSE) -> 2 | P31: =VLOOKUP($L31,Jogos!$A$29:$I$32,5,FALSE) -> 0 | Q31: =VLOOKUP($L31,Jogos!$A$29:$I$32,6,FALSE) -> 1 | R31: =VLOOKUP($L31,Jogos!$A$29:$I$32,7,FALSE) -> 5 | S31: =VLOOKUP($L31,Jogos!$A$29:$I$32,8,FALSE) -> 3 | T31: =VLOOKUP($L31,Jogos!$A$29:$I$32,9,FALSE) -> 2
A32: 46198 | B32: 23h | C32: Turquia | E32: 2 | F32: x | G32: 1 | I32: Estados Unidos | L32: =Jogos!AN31 -> Paraguai | M32: =VLOOKUP($L32,Jogos!$A$29:$I$32,2,FALSE) -> 4 | N32: =VLOOKUP($L32,Jogos!$A$29:$I$32,3,FALSE) -> 3 | O32: =VLOOKUP($L32,Jogos!$A$29:$I$32,4,FALSE) -> 1 | P32: =VLOOKUP($L32,Jogos!$A$29:$I$32,5,FALSE) -> 1 | Q32: =VLOOKUP($L32,Jogos!$A$29:$I$32,6,FALSE) -> 1 | R32: =VLOOKUP($L32,Jogos!$A$29:$I$32,7,FALSE) -> 4 | S32: =VLOOKUP($L32,Jogos!$A$29:$I$32,8,FALSE) -> 4 | T32: =VLOOKUP($L32,Jogos!$A$29:$I$32,9,FALSE) -> 0
A33: 46198 | B33: 23h | C33: Paraguai | E33: 2 | F33: x | G33: 1 | I33: Austrália | L33: =Jogos!AN32 -> Austrália | M33: =VLOOKUP($L33,Jogos!$A$29:$I$32,2,FALSE) -> 0 | N33: =VLOOKUP($L33,Jogos!$A$29:$I$32,3,FALSE) -> 3 | O33: =VLOOKUP($L33,Jogos!$A$29:$I$32,4,FALSE) -> 0 | P33: =VLOOKUP($L33,Jogos!$A$29:$I$32,5,FALSE) -> 0 | Q33: =VLOOKUP($L33,Jogos!$A$29:$I$32,6,FALSE) -> 3 | R33: =VLOOKUP($L33,Jogos!$A$29:$I$32,7,FALSE) -> 2 | S33: =VLOOKUP($L33,Jogos!$A$29:$I$32,8,FALSE) -> 7 | T33: =VLOOKUP($L33,Jogos!$A$29:$I$32,9,FALSE) -> -5
A35: Primeira fase GRUPO E
A36: 46187 | B36: 14h | C36: Alemanha | E36: 5 | F36: x | G36: 0 | I36: Curaçao | L36: Classificação do grupo E
A37: 46187 | B37: 20h | C37: Costa do Marfim | E37: 2 | F37: x | G37: 2 | I37: Equador | M37: PT | N37: J | O37: V | P37: E | Q37: D | R37: GP | S37: GC | T37: SG
A38: 46193 | B38: 17h | C38: Alemanha | E38: 2 | F38: x | G38: 1 | I38: Costa do Marfim | L38: =Jogos!AN37 -> Alemanha | M38: =VLOOKUP($L38,Jogos!$A$37:$I$40,2,FALSE) -> 9 | N38: =VLOOKUP($L38,Jogos!$A$37:$I$40,3,FALSE) -> 3 | O38: =VLOOKUP($L38,Jogos!$A$37:$I$40,4,FALSE) -> 3 | P38: =VLOOKUP($L38,Jogos!$A$37:$I$40,5,FALSE) -> 0 | Q38: =VLOOKUP($L38,Jogos!$A$37:$I$40,6,FALSE) -> 0 | R38: =VLOOKUP($L38,Jogos!$A$37:$I$40,7,FALSE) -> 9 | S38: =VLOOKUP($L38,Jogos!$A$37:$I$40,8,FALSE) -> 2 | T38: =VLOOKUP($L38,Jogos!$A$37:$I$40,9,FALSE) -> 7
A39: 46193 | B39: 21h | C39: Equador | E39: 3 | F39: x | G39: 0 | I39: Curaçao | L39: =Jogos!AN38 -> Equador | M39: =VLOOKUP($L39,Jogos!$A$37:$I$40,2,FALSE) -> 4 | N39: =VLOOKUP($L39,Jogos!$A$37:$I$40,3,FALSE) -> 3 | O39: =VLOOKUP($L39,Jogos!$A$37:$I$40,4,FALSE) -> 1 | P39: =VLOOKUP($L39,Jogos!$A$37:$I$40,5,FALSE) -> 1 | Q39: =VLOOKUP($L39,Jogos!$A$37:$I$40,6,FALSE) -> 1 | R39: =VLOOKUP($L39,Jogos!$A$37:$I$40,7,FALSE) -> 6 | S39: =VLOOKUP($L39,Jogos!$A$37:$I$40,8,FALSE) -> 4 | T39: =VLOOKUP($L39,Jogos!$A$37:$I$40,9,FALSE) -> 2
A40: 46198 | B40: 17h | C40: Equador | E40: 1 | F40: x | G40: 2 | I40: Alemanha | L40: =Jogos!AN39 -> Costa do Marfim | M40: =VLOOKUP($L40,Jogos!$A$37:$I$40,2,FALSE) -> 4 | N40: =VLOOKUP($L40,Jogos!$A$37:$I$40,3,FALSE) -> 3 | O40: =VLOOKUP($L40,Jogos!$A$37:$I$40,4,FALSE) -> 1 | P40: =VLOOKUP($L40,Jogos!$A$37:$I$40,5,FALSE) -> 1 | Q40: =VLOOKUP($L40,Jogos!$A$37:$I$40,6,FALSE) -> 1 | R40: =VLOOKUP($L40,Jogos!$A$37:$I$40,7,FALSE) -> 6 | S40: =VLOOKUP($L40,Jogos!$A$37:$I$40,8,FALSE) -> 4 | T40: =VLOOKUP($L40,Jogos!$A$37:$I$40,9,FALSE) -> 2
A41: 46198 | B41: 17h | C41: Curaçao | E41: 0 | F41: x | G41: 3 | I41: Costa do Marfim | L41: =Jogos!AN40 -> Curaçao | M41: =VLOOKUP($L41,Jogos!$A$37:$I$40,2,FALSE) -> 0 | N41: =VLOOKUP($L41,Jogos!$A$37:$I$40,3,FALSE) -> 3 | O41: =VLOOKUP($L41,Jogos!$A$37:$I$40,4,FALSE) -> 0 | P41: =VLOOKUP($L41,Jogos!$A$37:$I$40,5,FALSE) -> 0 | Q41: =VLOOKUP($L41,Jogos!$A$37:$I$40,6,FALSE) -> 3 | R41: =VLOOKUP($L41,Jogos!$A$37:$I$40,7,FALSE) -> 0 | S41: =VLOOKUP($L41,Jogos!$A$37:$I$40,8,FALSE) -> 11 | T41: =VLOOKUP($L41,Jogos!$A$37:$I$40,9,FALSE) -> -11
A43: Primeira fase GRUPO F
A44: 46187 | B44: 17h | C44: Holanda | E44: 3 | F44: x | G44: 1 | I44: Japão | L44: Classificação do grupo F
A45: 46187 | B45: 23h | C45: Suécia | E45: 2 | F45: x | G45: 1 | I45: Tunísia | M45: PT | N45: J | O45: V | P45: E | Q45: D | R45: GP | S45: GC | T45: SG
A46: 46193 | B46: 14h | C46: Holanda | E46: 2 | F46: x | G46: 1 | I46: Suécia | L46: =Jogos!AN45 -> Holanda | M46: =VLOOKUP($L46,Jogos!$A$45:$I$48,2,FALSE) -> 9 | N46: =VLOOKUP($L46,Jogos!$A$45:$I$48,3,FALSE) -> 3 | O46: =VLOOKUP($L46,Jogos!$A$45:$I$48,4,FALSE) -> 3 | P46: =VLOOKUP($L46,Jogos!$A$45:$I$48,5,FALSE) -> 0 | Q46: =VLOOKUP($L46,Jogos!$A$45:$I$48,6,FALSE) -> 0 | R46: =VLOOKUP($L46,Jogos!$A$45:$I$48,7,FALSE) -> 8 | S46: =VLOOKUP($L46,Jogos!$A$45:$I$48,8,FALSE) -> 3 | T46: =VLOOKUP($L46,Jogos!$A$45:$I$48,9,FALSE) -> 5
A47: 46194 | B47: 1h | C47: Tunísia | E47: 1 | F47: x | G47: 2 | I47: Japão | L47: =Jogos!AN46 -> Japão | M47: =VLOOKUP($L47,Jogos!$A$45:$I$48,2,FALSE) -> 6 | N47: =VLOOKUP($L47,Jogos!$A$45:$I$48,3,FALSE) -> 3 | O47: =VLOOKUP($L47,Jogos!$A$45:$I$48,4,FALSE) -> 2 | P47: =VLOOKUP($L47,Jogos!$A$45:$I$48,5,FALSE) -> 0 | Q47: =VLOOKUP($L47,Jogos!$A$45:$I$48,6,FALSE) -> 1 | R47: =VLOOKUP($L47,Jogos!$A$45:$I$48,7,FALSE) -> 5 | S47: =VLOOKUP($L47,Jogos!$A$45:$I$48,8,FALSE) -> 5 | T47: =VLOOKUP($L47,Jogos!$A$45:$I$48,9,FALSE) -> 0
A48: 46198 | B48: 20h | C48: Tunísia | E48: 1 | F48: x | G48: 3 | I48: Holanda | L48: =Jogos!AN47 -> Suécia | M48: =VLOOKUP($L48,Jogos!$A$45:$I$48,2,FALSE) -> 3 | N48: =VLOOKUP($L48,Jogos!$A$45:$I$48,3,FALSE) -> 3 | O48: =VLOOKUP($L48,Jogos!$A$45:$I$48,4,FALSE) -> 1 | P48: =VLOOKUP($L48,Jogos!$A$45:$I$48,5,FALSE) -> 0 | Q48: =VLOOKUP($L48,Jogos!$A$45:$I$48,6,FALSE) -> 2 | R48: =VLOOKUP($L48,Jogos!$A$45:$I$48,7,FALSE) -> 4 | S48: =VLOOKUP($L48,Jogos!$A$45:$I$48,8,FALSE) -> 5 | T48: =VLOOKUP($L48,Jogos!$A$45:$I$48,9,FALSE) -> -1
A49: 46198 | B49: 20h | C49: Japão | E49: 2 | F49: x | G49: 1 | I49: Suécia | L49: =Jogos!AN48 -> Tunísia | M49: =VLOOKUP($L49,Jogos!$A$45:$I$48,2,FALSE) -> 0 | N49: =VLOOKUP($L49,Jogos!$A$45:$I$48,3,FALSE) -> 3 | O49: =VLOOKUP($L49,Jogos!$A$45:$I$48,4,FALSE) -> 0 | P49: =VLOOKUP($L49,Jogos!$A$45:$I$48,5,FALSE) -> 0 | Q49: =VLOOKUP($L49,Jogos!$A$45:$I$48,6,FALSE) -> 3 | R49: =VLOOKUP($L49,Jogos!$A$45:$I$48,7,FALSE) -> 3 | S49: =VLOOKUP($L49,Jogos!$A$45:$I$48,8,FALSE) -> 7 | T49: =VLOOKUP($L49,Jogos!$A$45:$I$48,9,FALSE) -> -4
A51: Primeira fase GRUPO G
A52: 46188 | B52: 16h | C52: Bélgica | E52: 2 | F52: x | G52: 0 | I52: Egito | L52: Classificação do grupo G
A53: 46188 | B53: 22h | C53: Irã | E53: 3 | F53: x | G53: 0 | I53: Nova Zelândia | M53: PT | N53: J | O53: V | P53: E | Q53: D | R53: GP | S53: GC | T53: SG
A54: 46194 | B54: 16h | C54: Bélgica | E54: 2 | F54: x | G54: 0 | I54: Irã | L54: =Jogos!AN53 -> Bélgica | M54: =VLOOKUP($L54,Jogos!$A$53:$I$56,2,FALSE) -> 9 | N54: =VLOOKUP($L54,Jogos!$A$53:$I$56,3,FALSE) -> 3 | O54: =VLOOKUP($L54,Jogos!$A$53:$I$56,4,FALSE) -> 3 | P54: =VLOOKUP($L54,Jogos!$A$53:$I$56,5,FALSE) -> 0 | Q54: =VLOOKUP($L54,Jogos!$A$53:$I$56,6,FALSE) -> 0 | R54: =VLOOKUP($L54,Jogos!$A$53:$I$56,7,FALSE) -> 8 | S54: =VLOOKUP($L54,Jogos!$A$53:$I$56,8,FALSE) -> 1 | T54: =VLOOKUP($L54,Jogos!$A$53:$I$56,9,FALSE) -> 7
A55: 46194 | B55: 22h | C55: Nova Zelândia | E55: 1 | F55: x | G55: 2 | I55: Egito | L55: =Jogos!AN54 -> Irã | M55: =VLOOKUP($L55,Jogos!$A$53:$I$56,2,FALSE) -> 4 | N55: =VLOOKUP($L55,Jogos!$A$53:$I$56,3,FALSE) -> 3 | O55: =VLOOKUP($L55,Jogos!$A$53:$I$56,4,FALSE) -> 1 | P55: =VLOOKUP($L55,Jogos!$A$53:$I$56,5,FALSE) -> 1 | Q55: =VLOOKUP($L55,Jogos!$A$53:$I$56,6,FALSE) -> 1 | R55: =VLOOKUP($L55,Jogos!$A$53:$I$56,7,FALSE) -> 5 | S55: =VLOOKUP($L55,Jogos!$A$53:$I$56,8,FALSE) -> 4 | T55: =VLOOKUP($L55,Jogos!$A$53:$I$56,9,FALSE) -> 1
A56: 46200 | B56: 00h | C56: Egito | E56: 2 | F56: x | G56: 2 | I56: Irã | L56: =Jogos!AN55 -> Egito | M56: =VLOOKUP($L56,Jogos!$A$53:$I$56,2,FALSE) -> 4 | N56: =VLOOKUP($L56,Jogos!$A$53:$I$56,3,FALSE) -> 3 | O56: =VLOOKUP($L56,Jogos!$A$53:$I$56,4,FALSE) -> 1 | P56: =VLOOKUP($L56,Jogos!$A$53:$I$56,5,FALSE) -> 1 | Q56: =VLOOKUP($L56,Jogos!$A$53:$I$56,6,FALSE) -> 1 | R56: =VLOOKUP($L56,Jogos!$A$53:$I$56,7,FALSE) -> 4 | S56: =VLOOKUP($L56,Jogos!$A$53:$I$56,8,FALSE) -> 5 | T56: =VLOOKUP($L56,Jogos!$A$53:$I$56,9,FALSE) -> -1
A57: 46200 | B57: 00h | C57: Nova Zelândia | E57: 1 | F57: x | G57: 4 | I57: Bélgica | L57: =Jogos!AN56 -> Nova Zelândia | M57: =VLOOKUP($L57,Jogos!$A$53:$I$56,2,FALSE) -> 0 | N57: =VLOOKUP($L57,Jogos!$A$53:$I$56,3,FALSE) -> 3 | O57: =VLOOKUP($L57,Jogos!$A$53:$I$56,4,FALSE) -> 0 | P57: =VLOOKUP($L57,Jogos!$A$53:$I$56,5,FALSE) -> 0 | Q57: =VLOOKUP($L57,Jogos!$A$53:$I$56,6,FALSE) -> 3 | R57: =VLOOKUP($L57,Jogos!$A$53:$I$56,7,FALSE) -> 2 | S57: =VLOOKUP($L57,Jogos!$A$53:$I$56,8,FALSE) -> 9 | T57: =VLOOKUP($L57,Jogos!$A$53:$I$56,9,FALSE) -> -7
A59: Primeira fase GRUPO H
A60: 46188 | B60: 13h | C60: Espanha | E60: 5 | F60: x | G60: 0 | I60: Cabo Verde | L60: Classificação do grupo H
A61: 46188 | B61: 19h | C61: Arábia Saudita | E61: 1 | F61: x | G61: 2 | I61: Uruguai | M61: PT | N61: J | O61: V | P61: E | Q61: D | R61: GP | S61: GC | T61: SG
A62: 46194 | B62: 13h | C62: Espanha | E62: 3 | F62: x | G62: 1 | I62: Arábia Saudita | L62: =Jogos!AN61 -> Espanha | M62: =VLOOKUP($L62,Jogos!$A$61:$I$64,2,FALSE) -> 9 | N62: =VLOOKUP($L62,Jogos!$A$61:$I$64,3,FALSE) -> 3 | O62: =VLOOKUP($L62,Jogos!$A$61:$I$64,4,FALSE) -> 3 | P62: =VLOOKUP($L62,Jogos!$A$61:$I$64,5,FALSE) -> 0 | Q62: =VLOOKUP($L62,Jogos!$A$61:$I$64,6,FALSE) -> 0 | R62: =VLOOKUP($L62,Jogos!$A$61:$I$64,7,FALSE) -> 10 | S62: =VLOOKUP($L62,Jogos!$A$61:$I$64,8,FALSE) -> 1 | T62: =VLOOKUP($L62,Jogos!$A$61:$I$64,9,FALSE) -> 9
A63: 46194 | B63: 19h | C63: Uruguai | E63: 3 | F63: x | G63: 0 | I63: Cabo Verde | L63: =Jogos!AN62 -> Uruguai | M63: =VLOOKUP($L63,Jogos!$A$61:$I$64,2,FALSE) -> 6 | N63: =VLOOKUP($L63,Jogos!$A$61:$I$64,3,FALSE) -> 3 | O63: =VLOOKUP($L63,Jogos!$A$61:$I$64,4,FALSE) -> 2 | P63: =VLOOKUP($L63,Jogos!$A$61:$I$64,5,FALSE) -> 0 | Q63: =VLOOKUP($L63,Jogos!$A$61:$I$64,6,FALSE) -> 1 | R63: =VLOOKUP($L63,Jogos!$A$61:$I$64,7,FALSE) -> 5 | S63: =VLOOKUP($L63,Jogos!$A$61:$I$64,8,FALSE) -> 3 | T63: =VLOOKUP($L63,Jogos!$A$61:$I$64,9,FALSE) -> 2
A64: 46199 | B64: 21h | C64: Cabo Verde | E64: 0 | F64: x | G64: 2 | I64: Arábia Saudita | L64: =Jogos!AN63 -> Arábia Saudita | M64: =VLOOKUP($L64,Jogos!$A$61:$I$64,2,FALSE) -> 3 | N64: =VLOOKUP($L64,Jogos!$A$61:$I$64,3,FALSE) -> 3 | O64: =VLOOKUP($L64,Jogos!$A$61:$I$64,4,FALSE) -> 1 | P64: =VLOOKUP($L64,Jogos!$A$61:$I$64,5,FALSE) -> 0 | Q64: =VLOOKUP($L64,Jogos!$A$61:$I$64,6,FALSE) -> 2 | R64: =VLOOKUP($L64,Jogos!$A$61:$I$64,7,FALSE) -> 4 | S64: =VLOOKUP($L64,Jogos!$A$61:$I$64,8,FALSE) -> 5 | T64: =VLOOKUP($L64,Jogos!$A$61:$I$64,9,FALSE) -> -1
A65: 46199 | B65: 21h | C65: Uruguai | E65: 0 | F65: x | G65: 2 | I65: Espanha | L65: =Jogos!AN64 -> Cabo Verde | M65: =VLOOKUP($L65,Jogos!$A$61:$I$64,2,FALSE) -> 0 | N65: =VLOOKUP($L65,Jogos!$A$61:$I$64,3,FALSE) -> 3 | O65: =VLOOKUP($L65,Jogos!$A$61:$I$64,4,FALSE) -> 0 | P65: =VLOOKUP($L65,Jogos!$A$61:$I$64,5,FALSE) -> 0 | Q65: =VLOOKUP($L65,Jogos!$A$61:$I$64,6,FALSE) -> 3 | R65: =VLOOKUP($L65,Jogos!$A$61:$I$64,7,FALSE) -> 0 | S65: =VLOOKUP($L65,Jogos!$A$61:$I$64,8,FALSE) -> 10 | T65: =VLOOKUP($L65,Jogos!$A$61:$I$64,9,FALSE) -> -10
A67: Primeira fase GRUPO I
A68: 46189 | B68: 16h | C68: França | E68: 2 | F68: x | G68: 1 | I68: Senegal | L68: Classificação do grupo I
A69: 46189 | B69: 19h | C69: Iraque | E69: 1 | F69: x | G69: 3 | I69: Noruega | M69: PT | N69: J | O69: V | P69: E | Q69: D | R69: GP | S69: GC | T69: SG
A70: 46195 | B70: 18h | C70: França | E70: 4 | F70: x | G70: 0 | I70: Iraque | L70: =Jogos!AN69 -> França | M70: =VLOOKUP($L70,Jogos!$A$69:$I$72,2,FALSE) -> 9 | N70: =VLOOKUP($L70,Jogos!$A$69:$I$72,3,FALSE) -> 3 | O70: =VLOOKUP($L70,Jogos!$A$69:$I$72,4,FALSE) -> 3 | P70: =VLOOKUP($L70,Jogos!$A$69:$I$72,5,FALSE) -> 0 | Q70: =VLOOKUP($L70,Jogos!$A$69:$I$72,6,FALSE) -> 0 | R70: =VLOOKUP($L70,Jogos!$A$69:$I$72,7,FALSE) -> 8 | S70: =VLOOKUP($L70,Jogos!$A$69:$I$72,8,FALSE) -> 2 | T70: =VLOOKUP($L70,Jogos!$A$69:$I$72,9,FALSE) -> 6
A71: 46195 | B71: 21h | C71: Noruega | E71: 2 | F71: x | G71: 3 | I71: Senegal | L71: =Jogos!AN70 -> Senegal | M71: =VLOOKUP($L71,Jogos!$A$69:$I$72,2,FALSE) -> 6 | N71: =VLOOKUP($L71,Jogos!$A$69:$I$72,3,FALSE) -> 3 | O71: =VLOOKUP($L71,Jogos!$A$69:$I$72,4,FALSE) -> 2 | P71: =VLOOKUP($L71,Jogos!$A$69:$I$72,5,FALSE) -> 0 | Q71: =VLOOKUP($L71,Jogos!$A$69:$I$72,6,FALSE) -> 1 | R71: =VLOOKUP($L71,Jogos!$A$69:$I$72,7,FALSE) -> 6 | S71: =VLOOKUP($L71,Jogos!$A$69:$I$72,8,FALSE) -> 4 | T71: =VLOOKUP($L71,Jogos!$A$69:$I$72,9,FALSE) -> 2
A72: 46199 | B72: 16h | C72: Senegal | E72: 2 | F72: x | G72: 0 | I72: Iraque | L72: =Jogos!AN71 -> Noruega | M72: =VLOOKUP($L72,Jogos!$A$69:$I$72,2,FALSE) -> 3 | N72: =VLOOKUP($L72,Jogos!$A$69:$I$72,3,FALSE) -> 3 | O72: =VLOOKUP($L72,Jogos!$A$69:$I$72,4,FALSE) -> 1 | P72: =VLOOKUP($L72,Jogos!$A$69:$I$72,5,FALSE) -> 0 | Q72: =VLOOKUP($L72,Jogos!$A$69:$I$72,6,FALSE) -> 2 | R72: =VLOOKUP($L72,Jogos!$A$69:$I$72,7,FALSE) -> 6 | S72: =VLOOKUP($L72,Jogos!$A$69:$I$72,8,FALSE) -> 6 | T72: =VLOOKUP($L72,Jogos!$A$69:$I$72,9,FALSE) -> 0
A73: 46199 | B73: 16h | C73: Noruega | E73: 1 | F73: x | G73: 2 | I73: França | L73: =Jogos!AN72 -> Iraque | M73: =VLOOKUP($L73,Jogos!$A$69:$I$72,2,FALSE) -> 0 | N73: =VLOOKUP($L73,Jogos!$A$69:$I$72,3,FALSE) -> 3 | O73: =VLOOKUP($L73,Jogos!$A$69:$I$72,4,FALSE) -> 0 | P73: =VLOOKUP($L73,Jogos!$A$69:$I$72,5,FALSE) -> 0 | Q73: =VLOOKUP($L73,Jogos!$A$69:$I$72,6,FALSE) -> 3 | R73: =VLOOKUP($L73,Jogos!$A$69:$I$72,7,FALSE) -> 1 | S73: =VLOOKUP($L73,Jogos!$A$69:$I$72,8,FALSE) -> 9 | T73: =VLOOKUP($L73,Jogos!$A$69:$I$72,9,FALSE) -> -8
A75: Primeira fase GRUPO J
A76: 46189 | B76: 22h | C76: Argentina | E76: 2 | F76: x | G76: 1 | I76: Argélia | L76: Classificação do grupo J
A77: 46190 | B77: 1h | C77: Áustria | E77: 2 | F77: x | G77: 0 | I77: Jordânia | M77: PT | N77: J | O77: V | P77: E | Q77: D | R77: GP | S77: GC | T77: SG
A78: 46195 | B78: 14h | C78: Argentina | E78: 1 | F78: x | G78: 0 | I78: Áustria | L78: =Jogos!AN77 -> Argentina | M78: =VLOOKUP($L78,Jogos!$A$77:$I$80,2,FALSE) -> 9 | N78: =VLOOKUP($L78,Jogos!$A$77:$I$80,3,FALSE) -> 3 | O78: =VLOOKUP($L78,Jogos!$A$77:$I$80,4,FALSE) -> 3 | P78: =VLOOKUP($L78,Jogos!$A$77:$I$80,5,FALSE) -> 0 | Q78: =VLOOKUP($L78,Jogos!$A$77:$I$80,6,FALSE) -> 0 | R78: =VLOOKUP($L78,Jogos!$A$77:$I$80,7,FALSE) -> 5 | S78: =VLOOKUP($L78,Jogos!$A$77:$I$80,8,FALSE) -> 1 | T78: =VLOOKUP($L78,Jogos!$A$77:$I$80,9,FALSE) -> 4
A79: 46196 | B79: 00h | C79: Jordânia | E79: 0 | F79: x | G79: 2 | I79: Argélia | L79: =Jogos!AN78 -> Áustria | M79: =VLOOKUP($L79,Jogos!$A$77:$I$80,2,FALSE) -> 6 | N79: =VLOOKUP($L79,Jogos!$A$77:$I$80,3,FALSE) -> 3 | O79: =VLOOKUP($L79,Jogos!$A$77:$I$80,4,FALSE) -> 2 | P79: =VLOOKUP($L79,Jogos!$A$77:$I$80,5,FALSE) -> 0 | Q79: =VLOOKUP($L79,Jogos!$A$77:$I$80,6,FALSE) -> 1 | R79: =VLOOKUP($L79,Jogos!$A$77:$I$80,7,FALSE) -> 4 | S79: =VLOOKUP($L79,Jogos!$A$77:$I$80,8,FALSE) -> 2 | T79: =VLOOKUP($L79,Jogos!$A$77:$I$80,9,FALSE) -> 2
A80: 46200 | B80: 23h | C80: Jordânia | E80: 0 | F80: x | G80: 2 | I80: Argentina | L80: =Jogos!AN79 -> Argélia | M80: =VLOOKUP($L80,Jogos!$A$77:$I$80,2,FALSE) -> 3 | N80: =VLOOKUP($L80,Jogos!$A$77:$I$80,3,FALSE) -> 3 | O80: =VLOOKUP($L80,Jogos!$A$77:$I$80,4,FALSE) -> 1 | P80: =VLOOKUP($L80,Jogos!$A$77:$I$80,5,FALSE) -> 0 | Q80: =VLOOKUP($L80,Jogos!$A$77:$I$80,6,FALSE) -> 2 | R80: =VLOOKUP($L80,Jogos!$A$77:$I$80,7,FALSE) -> 4 | S80: =VLOOKUP($L80,Jogos!$A$77:$I$80,8,FALSE) -> 4 | T80: =VLOOKUP($L80,Jogos!$A$77:$I$80,9,FALSE) -> 0
A81: 46200 | B81: 23h | C81: Argélia | E81: 1 | F81: x | G81: 2 | I81: Áustria | L81: =Jogos!AN80 -> Jordânia | M81: =VLOOKUP($L81,Jogos!$A$77:$I$80,2,FALSE) -> 0 | N81: =VLOOKUP($L81,Jogos!$A$77:$I$80,3,FALSE) -> 3 | O81: =VLOOKUP($L81,Jogos!$A$77:$I$80,4,FALSE) -> 0 | P81: =VLOOKUP($L81,Jogos!$A$77:$I$80,5,FALSE) -> 0 | Q81: =VLOOKUP($L81,Jogos!$A$77:$I$80,6,FALSE) -> 3 | R81: =VLOOKUP($L81,Jogos!$A$77:$I$80,7,FALSE) -> 0 | S81: =VLOOKUP($L81,Jogos!$A$77:$I$80,8,FALSE) -> 6 | T81: =VLOOKUP($L81,Jogos!$A$77:$I$80,9,FALSE) -> -6
A83: Primeira fase GRUPO K
A84: 46190 | B84: 14h | C84: Portugal | E84: 3 | F84: x | G84: 0 | I84: RD Congo | L84: Classificação do grupo K
A85: 46190 | B85: 23h | C85: Uzbequistão | E85: 1 | F85: x | G85: 3 | I85: Colômbia | M85: PT | N85: J | O85: V | P85: E | Q85: D | R85: GP | S85: GC | T85: SG
A86: 46196 | B86: 14h | C86: Portugal | E86: 4 | F86: x | G86: 0 | I86: Uzbequistão | L86: =Jogos!AN85 -> Portugal | M86: =VLOOKUP($L86,Jogos!$A$85:$I$88,2,FALSE) -> 7 | N86: =VLOOKUP($L86,Jogos!$A$85:$I$88,3,FALSE) -> 3 | O86: =VLOOKUP($L86,Jogos!$A$85:$I$88,4,FALSE) -> 2 | P86: =VLOOKUP($L86,Jogos!$A$85:$I$88,5,FALSE) -> 1 | Q86: =VLOOKUP($L86,Jogos!$A$85:$I$88,6,FALSE) -> 0 | R86: =VLOOKUP($L86,Jogos!$A$85:$I$88,7,FALSE) -> 8 | S86: =VLOOKUP($L86,Jogos!$A$85:$I$88,8,FALSE) -> 1 | T86: =VLOOKUP($L86,Jogos!$A$85:$I$88,9,FALSE) -> 7
A87: 46196 | B87: 23h | C87: Colômbia | E87: 2 | F87: x | G87: 0 | I87: RD Congo | L87: =Jogos!AN86 -> Colômbia | M87: =VLOOKUP($L87,Jogos!$A$85:$I$88,2,FALSE) -> 7 | N87: =VLOOKUP($L87,Jogos!$A$85:$I$88,3,FALSE) -> 3 | O87: =VLOOKUP($L87,Jogos!$A$85:$I$88,4,FALSE) -> 2 | P87: =VLOOKUP($L87,Jogos!$A$85:$I$88,5,FALSE) -> 1 | Q87: =VLOOKUP($L87,Jogos!$A$85:$I$88,6,FALSE) -> 0 | R87: =VLOOKUP($L87,Jogos!$A$85:$I$88,7,FALSE) -> 6 | S87: =VLOOKUP($L87,Jogos!$A$85:$I$88,8,FALSE) -> 2 | T87: =VLOOKUP($L87,Jogos!$A$85:$I$88,9,FALSE) -> 4
A88: 46200 | B88: 20h30 | C88: RD Congo | E88: 2 | F88: x | G88: 1 | I88: Uzbequistão | L88: =Jogos!AN87 -> RD Congo | M88: =VLOOKUP($L88,Jogos!$A$85:$I$88,2,FALSE) -> 3 | N88: =VLOOKUP($L88,Jogos!$A$85:$I$88,3,FALSE) -> 3 | O88: =VLOOKUP($L88,Jogos!$A$85:$I$88,4,FALSE) -> 1 | P88: =VLOOKUP($L88,Jogos!$A$85:$I$88,5,FALSE) -> 0 | Q88: =VLOOKUP($L88,Jogos!$A$85:$I$88,6,FALSE) -> 2 | R88: =VLOOKUP($L88,Jogos!$A$85:$I$88,7,FALSE) -> 2 | S88: =VLOOKUP($L88,Jogos!$A$85:$I$88,8,FALSE) -> 6 | T88: =VLOOKUP($L88,Jogos!$A$85:$I$88,9,FALSE) -> -4
A89: 46200 | B89: 20h30 | C89: Colômbia | E89: 1 | F89: x | G89: 1 | I89: Portugal | L89: =Jogos!AN88 -> Uzbequistão | M89: =VLOOKUP($L89,Jogos!$A$85:$I$88,2,FALSE) -> 0 | N89: =VLOOKUP($L89,Jogos!$A$85:$I$88,3,FALSE) -> 3 | O89: =VLOOKUP($L89,Jogos!$A$85:$I$88,4,FALSE) -> 0 | P89: =VLOOKUP($L89,Jogos!$A$85:$I$88,5,FALSE) -> 0 | Q89: =VLOOKUP($L89,Jogos!$A$85:$I$88,6,FALSE) -> 3 | R89: =VLOOKUP($L89,Jogos!$A$85:$I$88,7,FALSE) -> 2 | S89: =VLOOKUP($L89,Jogos!$A$85:$I$88,8,FALSE) -> 9 | T89: =VLOOKUP($L89,Jogos!$A$85:$I$88,9,FALSE) -> -7
A91: Primeira fase GRUPO L
A92: 46190 | B92: 17h | C92: Inglaterra | E92: 3 | F92: x | G92: 2 | I92: Croácia | L92: Classificação do grupo L
A93: 46190 | B93: 20h | C93: Gana | E93: 2 | F93: x | G93: 1 | I93: Panamá | M93: PT | N93: J | O93: V | P93: E | Q93: D | R93: GP | S93: GC | T93: SG
A94: 46196 | B94: 17h | C94: Inglaterra | E94: 2 | F94: x | G94: 0 | I94: Gana | L94: =Jogos!AN93 -> Inglaterra | M94: =VLOOKUP($L94,Jogos!$A$93:$I$96,2,FALSE) -> 9 | N94: =VLOOKUP($L94,Jogos!$A$93:$I$96,3,FALSE) -> 3 | O94: =VLOOKUP($L94,Jogos!$A$93:$I$96,4,FALSE) -> 3 | P94: =VLOOKUP($L94,Jogos!$A$93:$I$96,5,FALSE) -> 0 | Q94: =VLOOKUP($L94,Jogos!$A$93:$I$96,6,FALSE) -> 0 | R94: =VLOOKUP($L94,Jogos!$A$93:$I$96,7,FALSE) -> 10 | S94: =VLOOKUP($L94,Jogos!$A$93:$I$96,8,FALSE) -> 4 | T94: =VLOOKUP($L94,Jogos!$A$93:$I$96,9,FALSE) -> 6
A95: 46196 | B95: 20h | C95: Panamá | E95: 0 | F95: x | G95: 2 | I95: Croácia | L95: =Jogos!AN94 -> Croácia | M95: =VLOOKUP($L95,Jogos!$A$93:$I$96,2,FALSE) -> 6 | N95: =VLOOKUP($L95,Jogos!$A$93:$I$96,3,FALSE) -> 3 | O95: =VLOOKUP($L95,Jogos!$A$93:$I$96,4,FALSE) -> 2 | P95: =VLOOKUP($L95,Jogos!$A$93:$I$96,5,FALSE) -> 0 | Q95: =VLOOKUP($L95,Jogos!$A$93:$I$96,6,FALSE) -> 1 | R95: =VLOOKUP($L95,Jogos!$A$93:$I$96,7,FALSE) -> 5 | S95: =VLOOKUP($L95,Jogos!$A$93:$I$96,8,FALSE) -> 3 | T95: =VLOOKUP($L95,Jogos!$A$93:$I$96,9,FALSE) -> 2
A96: 46200 | B96: 18h | C96: Croácia | E96: 1 | F96: x | G96: 0 | I96: Gana | L96: =Jogos!AN95 -> Gana | M96: =VLOOKUP($L96,Jogos!$A$93:$I$96,2,FALSE) -> 3 | N96: =VLOOKUP($L96,Jogos!$A$93:$I$96,3,FALSE) -> 3 | O96: =VLOOKUP($L96,Jogos!$A$93:$I$96,4,FALSE) -> 1 | P96: =VLOOKUP($L96,Jogos!$A$93:$I$96,5,FALSE) -> 0 | Q96: =VLOOKUP($L96,Jogos!$A$93:$I$96,6,FALSE) -> 2 | R96: =VLOOKUP($L96,Jogos!$A$93:$I$96,7,FALSE) -> 2 | S96: =VLOOKUP($L96,Jogos!$A$93:$I$96,8,FALSE) -> 4 | T96: =VLOOKUP($L96,Jogos!$A$93:$I$96,9,FALSE) -> -2
A97: 46200 | B97: 18h | C97: Panamá | E97: 2 | F97: x | G97: 5 | I97: Inglaterra | L97: =Jogos!AN96 -> Panamá | M97: =VLOOKUP($L97,Jogos!$A$93:$I$96,2,FALSE) -> 0 | N97: =VLOOKUP($L97,Jogos!$A$93:$I$96,3,FALSE) -> 3 | O97: =VLOOKUP($L97,Jogos!$A$93:$I$96,4,FALSE) -> 0 | P97: =VLOOKUP($L97,Jogos!$A$93:$I$96,5,FALSE) -> 0 | Q97: =VLOOKUP($L97,Jogos!$A$93:$I$96,6,FALSE) -> 3 | R97: =VLOOKUP($L97,Jogos!$A$93:$I$96,7,FALSE) -> 3 | S97: =VLOOKUP($L97,Jogos!$A$93:$I$96,8,FALSE) -> 9 | T97: =VLOOKUP($L97,Jogos!$A$93:$I$96,9,FALSE) -> -6
A100: Segunda Fase | D100: PEN | E100: Tempo normal | H100: PEN
A101: 46201 | B101: 16h | C101: =IF((N7=3),L7,"2º do grupo A") -> República Tcheca | E101: 1 | F101: x | G101: 2 | I101: =IF((N15=3),L15,"2º do grupo B") -> Canadá | K101: Classificação 3º Colocados
A102: 46202 | B102: 14h | C102: =IF((N22=3),L22,"1º do grupo C") -> Brasil | E102: 2 | F102: x | G102: 0 | I102: =IF((N47=3),L47,"2º do grupo F") -> Japão | M102: PT | N102: J | O102: V | P102: E | Q102: D | R102: GP | S102: GC | T102: SG
A103: 46202 | B103: 17h30 | C103: =IF((N38=3),L38,"1º do grupo E") -> Alemanha | E103: 2 | F103: x | G103: 0 | I103: =IF(COUNTIF(Jogos!C114:C121,"<3")>0,"3º ABCDF",INDEX(Jogos!A114:A121,MATCH(VLOOKUP(Jogos!N114,Combinacoes!A:I,5,FALSE),Jogos!J114:J121,0))) -> Paraguai | L103: {=_xlfn.SORTBY(Jogos!A100:I111,Jogos!B100:B111,-1,Jogos!I100:I111,-1,Jogos!G100:G111,-1,Jogos!H100:H111,1)} -> Costa do Marfim | M103: 4 | N103: 3 | O103: 1 | P103: 1 | Q103: 1 | R103: 6 | S103: 4 | T103: 2
A104: 46202 | B104: 22h | C104: =IF((N46=3),L46,"1º do grupo F") -> Holanda | D104: 3 | E104: 1 | F104: x | G104: 1 | H104: 4 | I104: =IF((N23=3),L23,"2º do grupo C") -> Marrocos | L104: Paraguai | M104: 4 | N104: 3 | O104: 1 | P104: 1 | Q104: 1 | R104: 4 | S104: 4 | T104: 0
A105: 46203 | B105: 14h | C105: =IF((N39=3),L39,"2º do grupo E") -> Equador | E105: 1 | F105: x | G105: 2 | I105: =IF((N71=3),L71,"2º do grupo I") -> Senegal | L105: Egito | M105: 4 | N105: 3 | O105: 1 | P105: 1 | Q105: 1 | R105: 4 | S105: 5 | T105: -1
A106: 46203 | B106: 18h | C106: =IF((N70=3),L70,"1º do grupo I") -> França | E106: 3 | F106: x | G106: 1 | I106: =IF(COUNTIF(Jogos!C114:C121,"<3")>0,"3º CDFGH",INDEX(Jogos!A114:A121,MATCH(VLOOKUP(Jogos!N114,Combinacoes!A:I,7,FALSE),Jogos!J114:J121,0))) -> Suécia | L106: Coréia do Sul | M106: 4 | N106: 3 | O106: 1 | P106: 1 | Q106: 1 | R106: 2 | S106: 3 | T106: -1
A107: 46233 | B107: 22h | C107: =IF((N6=3),L6,"1º do grupo A") -> México | E107: 2 | F107: x | G107: 1 | I107: =IF(COUNTIF(Jogos!C114:C121,"<3")>0,"3º CEFHI",INDEX(Jogos!A114:A121,MATCH(VLOOKUP(Jogos!N114,Combinacoes!A:I,2,FALSE),Jogos!J114:J121,0))) -> Escócia | L107: Noruega | M107: 3 | N107: 3 | O107: 1 | P107: 0 | Q107: 2 | R107: 6 | S107: 6 | T107: 0
A108: 46204 | B108: 13h | C108: =IF((N94=3),L94,"1º do grupo L") -> Inglaterra | E108: 3 | F108: x | G108: 1 | I108: =IF(COUNTIF(Jogos!C114:C121,"<3")>0,"3º EHIJK",INDEX(Jogos!A114:A121,MATCH(VLOOKUP(Jogos!N114,Combinacoes!A:I,9,FALSE),Jogos!J114:J121,0))) -> Noruega | L108: Argélia | M108: 3 | N108: 3 | O108: 1 | P108: 0 | Q108: 2 | R108: 4 | S108: 4 | T108: 0
A109: 46204 | B109: 17h | C109: =IF((N54=3),L54,"1º do grupo G") -> Bélgica | E109: 3 | F109: x | G109: 0 | I109: =IF(COUNTIF(Jogos!C114:C121,"<3")>0,"3º AEHIJ",INDEX(Jogos!A114:A121,MATCH(VLOOKUP(Jogos!N114,Combinacoes!A:I,6,FALSE),Jogos!J114:J121,0))) -> Coréia do Sul | L109: Escócia | M109: 3 | N109: 3 | O109: 1 | P109: 0 | Q109: 2 | R109: 4 | S109: 5 | T109: -1
A110: 46204 | B110: 21h | C110: =IF((N30=3),L30,"1º do grupo D") -> Turquia | D110: 5 | E110: 1 | F110: x | G110: 1 | H110: 4 | I110: =IF(COUNTIF(Jogos!C114:C121,"<3")>0,"3º BEFIJ",INDEX(Jogos!A114:A121,MATCH(VLOOKUP(Jogos!N114,Combinacoes!A:I,4,FALSE),Jogos!J114:J121,0))) -> Argélia | L110: Suécia | M110: 3 | N110: 3 | O110: 1 | P110: 0 | Q110: 2 | R110: 4 | S110: 5 | T110: -1
A111: 46205 | B111: 16h | C111: =IF((N62=3),L62,"1º do grupo H") -> Espanha | E111: 2 | F111: x | G111: 0 | I111: =IF((N79=3),L79,"2º do grupo J") -> Áustria | L111: Arábia Saudita | M111: 3 | N111: 3 | O111: 1 | P111: 0 | Q111: 2 | R111: 4 | S111: 5 | T111: -1
A112: 46205 | B112: 20h | C112: =IF((N87=3),L87,"2º do grupo K") -> Colômbia | E112: 1 | F112: x | G112: 0 | I112: =IF((N95=3),L95,"2º do grupo L") -> Croácia | L112: Bósnia | M112: 3 | N112: 3 | O112: 1 | P112: 0 | Q112: 2 | R112: 3 | S112: 4 | T112: -1
A113: 46206 | B113: 00h | C113: =IF((N14=3),L14,"1º do grupo B") -> Suíça | E113: 2 | F113: x | G113: 1 | I113: =IF(COUNTIF(Jogos!C114:C121,"<3")>0,"3º EFGIJ",INDEX(Jogos!A114:A121,MATCH(VLOOKUP(Jogos!N114,Combinacoes!A:I,3,FALSE),Jogos!J114:J121,0))) -> Egito | L113: Gana | M113: 3 | N113: 3 | O113: 1 | P113: 0 | Q113: 2 | R113: 2 | S113: 4 | T113: -2
A114: 46206 | B114: 15h | C114: =IF((N31=3),L31,"2º do grupo D") -> Estados Unidos | E114: 2 | F114: x | G114: 1 | I114: =IF((N55=3),L55,"2º do grupo G") -> Irã | L114: RD Congo | M114: 3 | N114: 3 | O114: 1 | P114: 0 | Q114: 2 | R114: 2 | S114: 6 | T114: -4
...
